<metadata xml:lang="es"><Esri><CreaDate>20221115</CreaDate><CreaTime>13032500</CreaTime><ArcGISFormat>1.0</ArcGISFormat><SyncOnce>FALSE</SyncOnce><DataProperties><lineage><Process ToolSource="c:\program files\arcgis\pro\Resources\ArcToolbox\toolboxes\Data Management Tools.tbx\Append" Date="20221115" Time="130325">Append D:\PROYECTO_2021\BDGC_MGN_POSTGRES\Modelo_cargue\20211008_FGDB_ESTR\GDB_ESTR.gdb\MGN_ADMINISTRATIVO\MGN_ADM_DPTO_POLITICO D:\COMPARTIDO_BDG\CONEXIONES_BDGC\PostgreSQL\Geoanalitics1_EdicConc_Admon\geoanalitics1_BDDmgn@mgn.sde\mgn.mgn.mgn_administrativo\mgn.mgn.mgn_adm_dpto_politico "Use the field map to reconcile field differences" "dpto_ccdgo "Codigo departamento" true true false 2 Text 0 0,First,#,D:\PROYECTO_2021\BDGC_MGN_POSTGRES\Modelo_cargue\20211008_FGDB_ESTR\GDB_ESTR.gdb\MGN_ADMINISTRATIVO\MGN_ADM_DPTO_POLITICO,dpto_ccdgo,0,2;dpto_cnmbre "Nombre departamento" true true false 250 Text 0 0,First,#,D:\PROYECTO_2021\BDGC_MGN_POSTGRES\Modelo_cargue\20211008_FGDB_ESTR\GDB_ESTR.gdb\MGN_ADMINISTRATIVO\MGN_ADM_DPTO_POLITICO,dpto_cnmbre,0,250;dpto_ano_crcn "Año creacion" true true false 2 Short 0 5,First,#,D:\PROYECTO_2021\BDGC_MGN_POSTGRES\Modelo_cargue\20211008_FGDB_ESTR\GDB_ESTR.gdb\MGN_ADMINISTRATIVO\MGN_ADM_DPTO_POLITICO,dpto_ano_crcn,-1,-1;dpto_act_adm "Acto administrativo" true true false 100 Text 0 0,First,#,D:\PROYECTO_2021\BDGC_MGN_POSTGRES\Modelo_cargue\20211008_FGDB_ESTR\GDB_ESTR.gdb\MGN_ADMINISTRATIVO\MGN_ADM_DPTO_POLITICO,dpto_act_adm,0,100;dpto_narea "Area departamento (Km2)" true true false 8 Double 8 38,First,#,D:\PROYECTO_2021\BDGC_MGN_POSTGRES\Modelo_cargue\20211008_FGDB_ESTR\GDB_ESTR.gdb\MGN_ADMINISTRATIVO\MGN_ADM_DPTO_POLITICO,dpto_narea,-1,-1;dpto_nano "Año vigencia DANE" true true false 2 Short 0 5,First,#,D:\PROYECTO_2021\BDGC_MGN_POSTGRES\Modelo_cargue\20211008_FGDB_ESTR\GDB_ESTR.gdb\MGN_ADMINISTRATIVO\MGN_ADM_DPTO_POLITICO,dpto_nano,-1,-1;globalid "globalid" false false true 38 GlobalID 0 0,First,#,D:\PROYECTO_2021\BDGC_MGN_POSTGRES\Modelo_cargue\20211008_FGDB_ESTR\GDB_ESTR.gdb\MGN_ADMINISTRATIVO\MGN_ADM_DPTO_POLITICO,globalid,-1,-1" # #</Process><Process ToolSource="c:\program files\arcgis\pro\Resources\ArcToolbox\toolboxes\Data Management Tools.tbx\Append" Date="20221116" Time="192517">Append D:\PROYECTO_2021\BDGC_MGN_POSTGRES\Modelo_cargue\20211008_FGDB_ESTR\GDB_ESTR.gdb\MGN_ADMINISTRATIVO\MGN_ADM_DPTO_POLITICO D:\COMPARTIDO_BDG\CONEXIONES_BDGC\PostgreSQL\Geoanalitics1_EdicConc_Admon\geoanalitics1_BDDmgn@mgn.sde\mgn.mgn.mgn_administrativo\mgn.mgn.mgn_adm_dpto_politico "Use the field map to reconcile field differences" "dpto_ccdgo "Codigo departamento" true true false 2 Text 0 0,First,#,D:\PROYECTO_2021\BDGC_MGN_POSTGRES\Modelo_cargue\20211008_FGDB_ESTR\GDB_ESTR.gdb\MGN_ADMINISTRATIVO\MGN_ADM_DPTO_POLITICO,dpto_ccdgo,0,2;dpto_cnmbre "Nombre departamento" true true false 250 Text 0 0,First,#,D:\PROYECTO_2021\BDGC_MGN_POSTGRES\Modelo_cargue\20211008_FGDB_ESTR\GDB_ESTR.gdb\MGN_ADMINISTRATIVO\MGN_ADM_DPTO_POLITICO,dpto_cnmbre,0,250;dpto_ano_crcn "Año creacion" true true false 2 Short 0 5,First,#,D:\PROYECTO_2021\BDGC_MGN_POSTGRES\Modelo_cargue\20211008_FGDB_ESTR\GDB_ESTR.gdb\MGN_ADMINISTRATIVO\MGN_ADM_DPTO_POLITICO,dpto_ano_crcn,-1,-1;dpto_act_adm "Acto administrativo" true true false 100 Text 0 0,First,#,D:\PROYECTO_2021\BDGC_MGN_POSTGRES\Modelo_cargue\20211008_FGDB_ESTR\GDB_ESTR.gdb\MGN_ADMINISTRATIVO\MGN_ADM_DPTO_POLITICO,dpto_act_adm,0,100;dpto_narea "Area departamento (Km2)" true true false 8 Double 8 38,First,#,D:\PROYECTO_2021\BDGC_MGN_POSTGRES\Modelo_cargue\20211008_FGDB_ESTR\GDB_ESTR.gdb\MGN_ADMINISTRATIVO\MGN_ADM_DPTO_POLITICO,dpto_narea,-1,-1;dpto_nano "Año vigencia DANE" true true false 2 Short 0 5,First,#,D:\PROYECTO_2021\BDGC_MGN_POSTGRES\Modelo_cargue\20211008_FGDB_ESTR\GDB_ESTR.gdb\MGN_ADMINISTRATIVO\MGN_ADM_DPTO_POLITICO,dpto_nano,-1,-1;globalid "globalid" false false true 38 GlobalID 0 0,First,#,D:\PROYECTO_2021\BDGC_MGN_POSTGRES\Modelo_cargue\20211008_FGDB_ESTR\GDB_ESTR.gdb\MGN_ADMINISTRATIVO\MGN_ADM_DPTO_POLITICO,globalid,-1,-1" # #</Process><Process ToolSource="c:\program files\arcgis\pro\Resources\ArcToolbox\toolboxes\Data Management Tools.tbx\Append" Date="20221116" Time="193455">Append D:\PROYECTO_2021\BDGC_MGN_POSTGRES\Modelo_cargue\20211008_FGDB_ESTR\GDB_ESTR.gdb\MGN_ADMINISTRATIVO\MGN_ADM_DPTO_POLITICO D:\COMPARTIDO_BDG\CONEXIONES_BDGC\PostgreSQL\Geoanalitics1_EdicConc_Admon\geoanalitics1_BDDmgn@mgn.sde\mgn.mgn.mgn_administrativo\mgn.mgn.mgn_adm_dpto_politico "Use the field map to reconcile field differences" "dpto_ccdgo "Codigo departamento" true true false 2 Text 0 0,First,#,D:\PROYECTO_2021\BDGC_MGN_POSTGRES\Modelo_cargue\20211008_FGDB_ESTR\GDB_ESTR.gdb\MGN_ADMINISTRATIVO\MGN_ADM_DPTO_POLITICO,dpto_ccdgo,0,2;dpto_cnmbre "Nombre departamento" true true false 250 Text 0 0,First,#,D:\PROYECTO_2021\BDGC_MGN_POSTGRES\Modelo_cargue\20211008_FGDB_ESTR\GDB_ESTR.gdb\MGN_ADMINISTRATIVO\MGN_ADM_DPTO_POLITICO,dpto_cnmbre,0,250;dpto_ano_crcn "Año creacion" true true false 2 Short 0 5,First,#,D:\PROYECTO_2021\BDGC_MGN_POSTGRES\Modelo_cargue\20211008_FGDB_ESTR\GDB_ESTR.gdb\MGN_ADMINISTRATIVO\MGN_ADM_DPTO_POLITICO,dpto_ano_crcn,-1,-1;dpto_act_adm "Acto administrativo" true true false 100 Text 0 0,First,#,D:\PROYECTO_2021\BDGC_MGN_POSTGRES\Modelo_cargue\20211008_FGDB_ESTR\GDB_ESTR.gdb\MGN_ADMINISTRATIVO\MGN_ADM_DPTO_POLITICO,dpto_act_adm,0,100;dpto_narea "Area departamento (Km2)" true true false 8 Double 8 38,First,#,D:\PROYECTO_2021\BDGC_MGN_POSTGRES\Modelo_cargue\20211008_FGDB_ESTR\GDB_ESTR.gdb\MGN_ADMINISTRATIVO\MGN_ADM_DPTO_POLITICO,dpto_narea,-1,-1;dpto_nano "Año vigencia DANE" true true false 2 Short 0 5,First,#,D:\PROYECTO_2021\BDGC_MGN_POSTGRES\Modelo_cargue\20211008_FGDB_ESTR\GDB_ESTR.gdb\MGN_ADMINISTRATIVO\MGN_ADM_DPTO_POLITICO,dpto_nano,-1,-1;globalid "globalid" false false true 38 GlobalID 0 0,First,#,D:\PROYECTO_2021\BDGC_MGN_POSTGRES\Modelo_cargue\20211008_FGDB_ESTR\GDB_ESTR.gdb\MGN_ADMINISTRATIVO\MGN_ADM_DPTO_POLITICO,globalid,-1,-1" # #</Process><Process ToolSource="c:\program files\arcgis\pro\Resources\ArcToolbox\toolboxes\Data Management Tools.tbx\UpdateSchema" Date="20221212" Time="101709">UpdateSchema D:\COMPARTIDO_BDG\CONEXIONES_BDGC\PostgreSQL\Geoanalitics1_EdicConc_Admon\geoanalitics1_BDDmgn@mgn.sde\mgn.mgn.mgn_administrativo\mgn.mgn.mgn_adm_dpto_politico "&lt;operationSequence&gt;&lt;workflow&gt;&lt;DisableAttributeRules&gt;&lt;rule_name&gt;Val Nomb Dpto&lt;/rule_name&gt;&lt;rule_type&gt;CONSTRAINT&lt;/rule_type&gt;&lt;/DisableAttributeRules&gt;&lt;/workflow&gt;&lt;workflow&gt;&lt;DisableAttributeRules&gt;&lt;rule_name&gt;Val año creacion&lt;/rule_name&gt;&lt;rule_type&gt;CONSTRAINT&lt;/rule_type&gt;&lt;/DisableAttributeRules&gt;&lt;/workflow&gt;&lt;workflow&gt;&lt;DisableAttributeRules&gt;&lt;rule_name&gt;Val acto admin&lt;/rule_name&gt;&lt;rule_type&gt;CONSTRAINT&lt;/rule_type&gt;&lt;/DisableAttributeRules&gt;&lt;/workflow&gt;&lt;workflow&gt;&lt;DisableAttributeRules&gt;&lt;rule_name&gt;Val Area Dpto&lt;/rule_name&gt;&lt;rule_type&gt;CONSTRAINT&lt;/rule_type&gt;&lt;/DisableAttributeRules&gt;&lt;/workflow&gt;&lt;workflow&gt;&lt;DisableAttributeRules&gt;&lt;rule_name&gt;Val Año&lt;/rule_name&gt;&lt;rule_type&gt;CONSTRAINT&lt;/rule_type&gt;&lt;/DisableAttributeRules&gt;&lt;/workflow&gt;&lt;workflow&gt;&lt;DisableAttributeRules&gt;&lt;rule_name&gt;Val Cod Dpto&lt;/rule_name&gt;&lt;rule_type&gt;CONSTRAINT&lt;/rule_type&gt;&lt;/DisableAttributeRules&gt;&lt;/workflow&gt;&lt;/operationSequence&gt;"</Process><Process ToolSource="c:\program files\arcgis\pro\Resources\ArcToolbox\toolboxes\Data Management Tools.tbx\TruncateTable" Date="20221212" Time="110205">TruncateTable D:\COMPARTIDO_BDG\CONEXIONES_BDGC\PostgreSQL\Geoanalitics1_EdicConc_Admon\geoanalitics1_BDDmgn@mgn.sde\mgn.mgn.mgn_administrativo\mgn.mgn.mgn_adm_dpto_politico</Process><Process ToolSource="c:\program files\arcgis\pro\Resources\ArcToolbox\toolboxes\Data Management Tools.tbx\Append" Date="20221212" Time="140807">Append D:\PROYECTO_2022\BDGC_MGN_POSTGRES\Modelo_cargue\GDB_MGN_2022_Esquema_Concurrente.gdb\mgn_administrativo\mgn_adm_dpto_politico D:\COMPARTIDO_BDG\CONEXIONES_BDGC\PostgreSQL\Geoanalitics1_EdicConc_Admon\geoanalitics1_BDDmgn@mgn.sde\mgn.mgn.mgn_administrativo\mgn.mgn.mgn_adm_dpto_politico "Use the field map to reconcile field differences" "dpto_ccdgo "Codigo departamento" true true false 2 Text 0 0,First,#,D:\PROYECTO_2022\BDGC_MGN_POSTGRES\Modelo_cargue\GDB_MGN_2022_Esquema_Concurrente.gdb\mgn_administrativo\mgn_adm_dpto_politico,dpto_ccdgo,0,2;dpto_cnmbre "Nombre departamento" true true false 250 Text 0 0,First,#,D:\PROYECTO_2022\BDGC_MGN_POSTGRES\Modelo_cargue\GDB_MGN_2022_Esquema_Concurrente.gdb\mgn_administrativo\mgn_adm_dpto_politico,dpto_cnmbre,0,250;dpto_ano_crcn "Año creacion" true true false 2 Short 0 5,First,#,D:\PROYECTO_2022\BDGC_MGN_POSTGRES\Modelo_cargue\GDB_MGN_2022_Esquema_Concurrente.gdb\mgn_administrativo\mgn_adm_dpto_politico,dpto_ano_crcn,-1,-1;dpto_act_adm "Acto administrativo" true true false 100 Text 0 0,First,#,D:\PROYECTO_2022\BDGC_MGN_POSTGRES\Modelo_cargue\GDB_MGN_2022_Esquema_Concurrente.gdb\mgn_administrativo\mgn_adm_dpto_politico,dpto_act_adm,0,100;dpto_narea "Area departamento (Km2)" true true false 8 Double 8 38,First,#,D:\PROYECTO_2022\BDGC_MGN_POSTGRES\Modelo_cargue\GDB_MGN_2022_Esquema_Concurrente.gdb\mgn_administrativo\mgn_adm_dpto_politico,dpto_narea,-1,-1;dpto_nano "Año vigencia DANE" true true false 2 Short 0 5,First,#,D:\PROYECTO_2022\BDGC_MGN_POSTGRES\Modelo_cargue\GDB_MGN_2022_Esquema_Concurrente.gdb\mgn_administrativo\mgn_adm_dpto_politico,dpto_nano,-1,-1;globalid "globalid" false false true 38 GlobalID 0 0,First,#,D:\PROYECTO_2022\BDGC_MGN_POSTGRES\Modelo_cargue\GDB_MGN_2022_Esquema_Concurrente.gdb\mgn_administrativo\mgn_adm_dpto_politico,globalid,-1,-1" # #</Process><Process ToolSource="c:\program files\arcgis\pro\Resources\ArcToolbox\Toolboxes\Data Management Tools.tbx\UpdateSchema" Date="20221216" Time="101834">UpdateSchema D:\COMPARTIDO_BDG\CONEXIONES_BDGC\PostgreSQL\Geoanalitics1_EdicConc_Admon\geoanalitics1_BDDmgn@mgn.sde\mgn.mgn.mgn_administrativo\mgn.mgn.mgn_adm_dpto_politico "&lt;operationSequence&gt;&lt;workflow&gt;&lt;EnableAttributeRules&gt;&lt;rule_name&gt;Val Nomb Dpto&lt;/rule_name&gt;&lt;rule_type&gt;CONSTRAINT&lt;/rule_type&gt;&lt;/EnableAttributeRules&gt;&lt;/workflow&gt;&lt;workflow&gt;&lt;EnableAttributeRules&gt;&lt;rule_name&gt;Val año creacion&lt;/rule_name&gt;&lt;rule_type&gt;CONSTRAINT&lt;/rule_type&gt;&lt;/EnableAttributeRules&gt;&lt;/workflow&gt;&lt;workflow&gt;&lt;EnableAttributeRules&gt;&lt;rule_name&gt;Val acto admin&lt;/rule_name&gt;&lt;rule_type&gt;CONSTRAINT&lt;/rule_type&gt;&lt;/EnableAttributeRules&gt;&lt;/workflow&gt;&lt;workflow&gt;&lt;EnableAttributeRules&gt;&lt;rule_name&gt;Val Area Dpto&lt;/rule_name&gt;&lt;rule_type&gt;CONSTRAINT&lt;/rule_type&gt;&lt;/EnableAttributeRules&gt;&lt;/workflow&gt;&lt;workflow&gt;&lt;EnableAttributeRules&gt;&lt;rule_name&gt;Val Año&lt;/rule_name&gt;&lt;rule_type&gt;CONSTRAINT&lt;/rule_type&gt;&lt;/EnableAttributeRules&gt;&lt;/workflow&gt;&lt;workflow&gt;&lt;EnableAttributeRules&gt;&lt;rule_name&gt;Val Cod Dpto&lt;/rule_name&gt;&lt;rule_type&gt;CONSTRAINT&lt;/rule_type&gt;&lt;/EnableAttributeRules&gt;&lt;/workflow&gt;&lt;/operationSequence&gt;"</Process><Process Name="Append" ToolSource="c:\program files\arcgis\pro\Resources\ArcToolbox\toolboxes\Data Management Tools.tbx\Append" Date="20231107" Time="075449">Append MGN_RURAL\MGN_ADM_DPTO_POLITICO E:\JEZORAH\ACTUALIZACION_MGN_URBANO\VIGENCIA_2023\INSUMOS_2023\BACKUPS\ZU_MGN_2023.gdb\mgn_administrativo\mgn_adm_dpto_politico "Input fields must match target fields" # # #</Process><Process ToolSource="c:\program files\arcgis\pro\Resources\ArcToolbox\toolboxes\Data Management Tools.tbx\UpdateSchema" Date="20231112" Time="220242">UpdateSchema "CIMDATA=&lt;CIMFeatureDatasetDataConnection xsi:type='typens:CIMFeatureDatasetDataConnection' xmlns:xsi='http://www.w3.org/2001/XMLSchema-instance' xmlns:xs='http://www.w3.org/2001/XMLSchema' xmlns:typens='http://www.esri.com/schemas/ArcGIS/2.9.0'&gt;&lt;FeatureDataset&gt;mgn_administrativo&lt;/FeatureDataset&gt;&lt;WorkspaceConnectionString&gt;DATABASE=E:\JEZORAH\ACTUALIZACION_MGN_URBANO\VIGENCIA_2023\INSUMOS_2023\BACKUPS\MGN_RUR_2023.gdb&lt;/WorkspaceConnectionString&gt;&lt;WorkspaceFactory&gt;FileGDB&lt;/WorkspaceFactory&gt;&lt;Dataset&gt;mgn_adm_dpto_politico&lt;/Dataset&gt;&lt;DatasetType&gt;esriDTFeatureClass&lt;/DatasetType&gt;&lt;/CIMFeatureDatasetDataConnection&gt;" "&lt;operationSequence&gt;&lt;workflow&gt;&lt;DisableAttributeRules&gt;&lt;rule_name&gt;Val Nomb Dpto&lt;/rule_name&gt;&lt;rule_type&gt;CONSTRAINT&lt;/rule_type&gt;&lt;/DisableAttributeRules&gt;&lt;/workflow&gt;&lt;workflow&gt;&lt;DisableAttributeRules&gt;&lt;rule_name&gt;Val año creacion&lt;/rule_name&gt;&lt;rule_type&gt;CONSTRAINT&lt;/rule_type&gt;&lt;/DisableAttributeRules&gt;&lt;/workflow&gt;&lt;workflow&gt;&lt;DisableAttributeRules&gt;&lt;rule_name&gt;Val acto admin&lt;/rule_name&gt;&lt;rule_type&gt;CONSTRAINT&lt;/rule_type&gt;&lt;/DisableAttributeRules&gt;&lt;/workflow&gt;&lt;workflow&gt;&lt;DisableAttributeRules&gt;&lt;rule_name&gt;Val Area Dpto&lt;/rule_name&gt;&lt;rule_type&gt;CONSTRAINT&lt;/rule_type&gt;&lt;/DisableAttributeRules&gt;&lt;/workflow&gt;&lt;workflow&gt;&lt;DisableAttributeRules&gt;&lt;rule_name&gt;Val Año&lt;/rule_name&gt;&lt;rule_type&gt;CONSTRAINT&lt;/rule_type&gt;&lt;/DisableAttributeRules&gt;&lt;/workflow&gt;&lt;workflow&gt;&lt;DisableAttributeRules&gt;&lt;rule_name&gt;Val Cod Dpto&lt;/rule_name&gt;&lt;rule_type&gt;CONSTRAINT&lt;/rule_type&gt;&lt;/DisableAttributeRules&gt;&lt;/workflow&gt;&lt;/operationSequence&gt;"</Process><Process ToolSource="c:\program files\arcgis\pro\Resources\ArcToolbox\toolboxes\Data Management Tools.tbx\UpdateSchema" Date="20231112" Time="225205">UpdateSchema "CIMDATA=&lt;CIMFeatureDatasetDataConnection xsi:type='typens:CIMFeatureDatasetDataConnection' xmlns:xsi='http://www.w3.org/2001/XMLSchema-instance' xmlns:xs='http://www.w3.org/2001/XMLSchema' xmlns:typens='http://www.esri.com/schemas/ArcGIS/2.9.0'&gt;&lt;FeatureDataset&gt;mgn_administrativo&lt;/FeatureDataset&gt;&lt;WorkspaceConnectionString&gt;DATABASE=E:\JEZORAH\ACTUALIZACION_MGN_URBANO\VIGENCIA_2023\INSUMOS_2023\BACKUPS\MGN_RUR_2023.gdb&lt;/WorkspaceConnectionString&gt;&lt;WorkspaceFactory&gt;FileGDB&lt;/WorkspaceFactory&gt;&lt;Dataset&gt;mgn_adm_dpto_politico&lt;/Dataset&gt;&lt;DatasetType&gt;esriDTFeatureClass&lt;/DatasetType&gt;&lt;/CIMFeatureDatasetDataConnection&gt;" "&lt;operationSequence&gt;&lt;workflow&gt;&lt;EnableAttributeRules&gt;&lt;rule_name&gt;Val Nomb Dpto&lt;/rule_name&gt;&lt;rule_type&gt;CONSTRAINT&lt;/rule_type&gt;&lt;/EnableAttributeRules&gt;&lt;/workflow&gt;&lt;workflow&gt;&lt;EnableAttributeRules&gt;&lt;rule_name&gt;Val año creacion&lt;/rule_name&gt;&lt;rule_type&gt;CONSTRAINT&lt;/rule_type&gt;&lt;/EnableAttributeRules&gt;&lt;/workflow&gt;&lt;workflow&gt;&lt;EnableAttributeRules&gt;&lt;rule_name&gt;Val acto admin&lt;/rule_name&gt;&lt;rule_type&gt;CONSTRAINT&lt;/rule_type&gt;&lt;/EnableAttributeRules&gt;&lt;/workflow&gt;&lt;workflow&gt;&lt;EnableAttributeRules&gt;&lt;rule_name&gt;Val Area Dpto&lt;/rule_name&gt;&lt;rule_type&gt;CONSTRAINT&lt;/rule_type&gt;&lt;/EnableAttributeRules&gt;&lt;/workflow&gt;&lt;workflow&gt;&lt;EnableAttributeRules&gt;&lt;rule_name&gt;Val Año&lt;/rule_name&gt;&lt;rule_type&gt;CONSTRAINT&lt;/rule_type&gt;&lt;/EnableAttributeRules&gt;&lt;/workflow&gt;&lt;workflow&gt;&lt;EnableAttributeRules&gt;&lt;rule_name&gt;Val Cod Dpto&lt;/rule_name&gt;&lt;rule_type&gt;CONSTRAINT&lt;/rule_type&gt;&lt;/EnableAttributeRules&gt;&lt;/workflow&gt;&lt;/operationSequence&gt;"</Process><Process Name="Append (1)" ToolSource="c:\program files\arcgis\pro\Resources\ArcToolbox\toolboxes\Data Management Tools.tbx\Append" Date="20231116" Time="184150">Append MPIO_ZONA_01\MGN_ADM_DPTO_POLITICO E:\JEZORAH\ACTUALIZACION_MGN_URBANO\VIGENCIA_2023\INSUMOS_2023\BACKUPS\MGN_RUR_2023.gdb\mgn_administrativo\mgn_adm_dpto_politico "Input fields must match target fields" # # #</Process><Process Name="Append (1)" ToolSource="c:\program files\arcgis\pro\Resources\ArcToolbox\toolboxes\Data Management Tools.tbx\Append" Date="20231119" Time="181638">Append MPIO_2022\MGN_ADM_DPTO_POLITICO E:\JEZORAH\ACTUALIZACION_MGN_URBANO\VIGENCIA_2023\INSUMOS_2023\BACKUPS\MGN_RUR_2023.gdb\mgn_administrativo\mgn_adm_dpto_politico "Input fields must match target fields" # # #</Process><Process ToolSource="c:\program files\arcgis\pro\Resources\ArcToolbox\toolboxes\Data Management Tools.tbx\UpdateSchema" Date="20231208" Time="111334">UpdateSchema "CIMDATA=&lt;CIMFeatureDatasetDataConnection xsi:type='typens:CIMFeatureDatasetDataConnection' xmlns:xsi='http://www.w3.org/2001/XMLSchema-instance' xmlns:xs='http://www.w3.org/2001/XMLSchema' xmlns:typens='http://www.esri.com/schemas/ArcGIS/2.9.0'&gt;&lt;FeatureDataset&gt;mgn_administrativo&lt;/FeatureDataset&gt;&lt;WorkspaceConnectionString&gt;DATABASE=E:\JEZORAH\ACTUALIZACION_MGN_URBANO\VIGENCIA_2023\INSUMOS_2023\BACKUPS\MGN_RUR_2023.gdb&lt;/WorkspaceConnectionString&gt;&lt;WorkspaceFactory&gt;FileGDB&lt;/WorkspaceFactory&gt;&lt;Dataset&gt;mgn_adm_dpto_politico&lt;/Dataset&gt;&lt;DatasetType&gt;esriDTFeatureClass&lt;/DatasetType&gt;&lt;/CIMFeatureDatasetDataConnection&gt;" &lt;operationSequence&gt;&lt;workflow&gt;&lt;AddField&gt;&lt;field_name&gt;ASIG&lt;/field_name&gt;&lt;field_type&gt;TEXT&lt;/field_type&gt;&lt;field_length&gt;10&lt;/field_length&gt;&lt;field_alias&gt;ASIG&lt;/field_alias&gt;&lt;field_is_nullable&gt;True&lt;/field_is_nullable&gt;&lt;field_is_required&gt;False&lt;/field_is_required&gt;&lt;/AddField&gt;&lt;/workflow&gt;&lt;/operationSequence&gt;</Process><Process ToolSource="c:\program files\arcgis\pro\Resources\ArcToolbox\toolboxes\Data Management Tools.tbx\CalculateField" Date="20231208" Time="111443">CalculateField MGN_2023\MGN_ADM_DPTO_POLITICO ASIG "Z01" Arcade # Text NO_ENFORCE_DOMAINS</Process><Process ToolSource="c:\program files\arcgis\pro\Resources\ArcToolbox\toolboxes\Data Management Tools.tbx\UpdateSchema" Date="20231211" Time="115609">UpdateSchema "CIMDATA=&lt;CIMFeatureDatasetDataConnection xsi:type='typens:CIMFeatureDatasetDataConnection' xmlns:xsi='http://www.w3.org/2001/XMLSchema-instance' xmlns:xs='http://www.w3.org/2001/XMLSchema' xmlns:typens='http://www.esri.com/schemas/ArcGIS/2.9.0'&gt;&lt;FeatureDataset&gt;mgn_administrativo&lt;/FeatureDataset&gt;&lt;WorkspaceConnectionString&gt;DATABASE=E:\JEZORAH\ACTUALIZACION_MGN_URBANO\VIGENCIA_2023\INSUMOS_2023\BACKUPS\MGN_RUR_2023.gdb&lt;/WorkspaceConnectionString&gt;&lt;WorkspaceFactory&gt;FileGDB&lt;/WorkspaceFactory&gt;&lt;Dataset&gt;mgn_adm_dpto_politico&lt;/Dataset&gt;&lt;DatasetType&gt;esriDTFeatureClass&lt;/DatasetType&gt;&lt;/CIMFeatureDatasetDataConnection&gt;" "&lt;operationSequence&gt;&lt;workflow&gt;&lt;DisableAttributeRules&gt;&lt;rule_name&gt;Val Nomb Dpto&lt;/rule_name&gt;&lt;rule_type&gt;CONSTRAINT&lt;/rule_type&gt;&lt;/DisableAttributeRules&gt;&lt;/workflow&gt;&lt;workflow&gt;&lt;DisableAttributeRules&gt;&lt;rule_name&gt;Val Cod Dpto&lt;/rule_name&gt;&lt;rule_type&gt;CONSTRAINT&lt;/rule_type&gt;&lt;/DisableAttributeRules&gt;&lt;/workflow&gt;&lt;/operationSequence&gt;"</Process><Process ToolSource="c:\program files\arcgis\pro\Resources\ArcToolbox\toolboxes\Data Management Tools.tbx\UpdateSchema" Date="20231211" Time="115717">UpdateSchema "CIMDATA=&lt;CIMFeatureDatasetDataConnection xsi:type='typens:CIMFeatureDatasetDataConnection' xmlns:xsi='http://www.w3.org/2001/XMLSchema-instance' xmlns:xs='http://www.w3.org/2001/XMLSchema' xmlns:typens='http://www.esri.com/schemas/ArcGIS/2.9.0'&gt;&lt;FeatureDataset&gt;mgn_administrativo&lt;/FeatureDataset&gt;&lt;WorkspaceConnectionString&gt;DATABASE=E:\JEZORAH\ACTUALIZACION_MGN_URBANO\VIGENCIA_2023\INSUMOS_2023\BACKUPS\MGN_RUR_2023.gdb&lt;/WorkspaceConnectionString&gt;&lt;WorkspaceFactory&gt;FileGDB&lt;/WorkspaceFactory&gt;&lt;Dataset&gt;mgn_adm_dpto_politico&lt;/Dataset&gt;&lt;DatasetType&gt;esriDTFeatureClass&lt;/DatasetType&gt;&lt;/CIMFeatureDatasetDataConnection&gt;" "&lt;operationSequence&gt;&lt;workflow&gt;&lt;DisableAttributeRules&gt;&lt;rule_name&gt;Val año creacion&lt;/rule_name&gt;&lt;rule_type&gt;CONSTRAINT&lt;/rule_type&gt;&lt;/DisableAttributeRules&gt;&lt;/workflow&gt;&lt;workflow&gt;&lt;DisableAttributeRules&gt;&lt;rule_name&gt;Val acto admin&lt;/rule_name&gt;&lt;rule_type&gt;CONSTRAINT&lt;/rule_type&gt;&lt;/DisableAttributeRules&gt;&lt;/workflow&gt;&lt;workflow&gt;&lt;DisableAttributeRules&gt;&lt;rule_name&gt;Val Area Dpto&lt;/rule_name&gt;&lt;rule_type&gt;CONSTRAINT&lt;/rule_type&gt;&lt;/DisableAttributeRules&gt;&lt;/workflow&gt;&lt;workflow&gt;&lt;DisableAttributeRules&gt;&lt;rule_name&gt;Val Año&lt;/rule_name&gt;&lt;rule_type&gt;CONSTRAINT&lt;/rule_type&gt;&lt;/DisableAttributeRules&gt;&lt;/workflow&gt;&lt;/operationSequence&gt;"</Process><Process ToolSource="c:\program files\arcgis\pro\Resources\ArcToolbox\toolboxes\Data Management Tools.tbx\UpdateSchema" Date="20231211" Time="120131">UpdateSchema "CIMDATA=&lt;CIMFeatureDatasetDataConnection xsi:type='typens:CIMFeatureDatasetDataConnection' xmlns:xsi='http://www.w3.org/2001/XMLSchema-instance' xmlns:xs='http://www.w3.org/2001/XMLSchema' xmlns:typens='http://www.esri.com/schemas/ArcGIS/2.9.0'&gt;&lt;FeatureDataset&gt;mgn_administrativo&lt;/FeatureDataset&gt;&lt;WorkspaceConnectionString&gt;DATABASE=E:\JEZORAH\ACTUALIZACION_MGN_URBANO\VIGENCIA_2023\INSUMOS_2023\BACKUPS\MGN_RUR_2023.gdb&lt;/WorkspaceConnectionString&gt;&lt;WorkspaceFactory&gt;FileGDB&lt;/WorkspaceFactory&gt;&lt;Dataset&gt;mgn_adm_dpto_politico&lt;/Dataset&gt;&lt;DatasetType&gt;esriDTFeatureClass&lt;/DatasetType&gt;&lt;/CIMFeatureDatasetDataConnection&gt;" "&lt;operationSequence&gt;&lt;workflow /&gt;&lt;workflow /&gt;&lt;/operationSequence&gt;"</Process><Process ToolSource="c:\program files\arcgis\pro\Resources\ArcToolbox\toolboxes\Data Management Tools.tbx\UpdateSchema" Date="20231211" Time="120432">UpdateSchema "CIMDATA=&lt;CIMFeatureDatasetDataConnection xsi:type='typens:CIMFeatureDatasetDataConnection' xmlns:xsi='http://www.w3.org/2001/XMLSchema-instance' xmlns:xs='http://www.w3.org/2001/XMLSchema' xmlns:typens='http://www.esri.com/schemas/ArcGIS/2.9.0'&gt;&lt;FeatureDataset&gt;mgn_administrativo&lt;/FeatureDataset&gt;&lt;WorkspaceConnectionString&gt;DATABASE=E:\JEZORAH\ACTUALIZACION_MGN_URBANO\VIGENCIA_2023\INSUMOS_2023\BACKUPS\MGN_RUR_2023.gdb&lt;/WorkspaceConnectionString&gt;&lt;WorkspaceFactory&gt;FileGDB&lt;/WorkspaceFactory&gt;&lt;Dataset&gt;mgn_adm_dpto_politico&lt;/Dataset&gt;&lt;DatasetType&gt;esriDTFeatureClass&lt;/DatasetType&gt;&lt;/CIMFeatureDatasetDataConnection&gt;" "&lt;operationSequence&gt;&lt;workflow&gt;&lt;EnableAttributeRules&gt;&lt;rule_name&gt;Val Nomb Dpto&lt;/rule_name&gt;&lt;rule_type&gt;CONSTRAINT&lt;/rule_type&gt;&lt;/EnableAttributeRules&gt;&lt;/workflow&gt;&lt;workflow /&gt;&lt;workflow&gt;&lt;EnableAttributeRules&gt;&lt;rule_name&gt;Val acto admin&lt;/rule_name&gt;&lt;rule_type&gt;CONSTRAINT&lt;/rule_type&gt;&lt;/EnableAttributeRules&gt;&lt;/workflow&gt;&lt;workflow&gt;&lt;EnableAttributeRules&gt;&lt;rule_name&gt;Val Area Dpto&lt;/rule_name&gt;&lt;rule_type&gt;CONSTRAINT&lt;/rule_type&gt;&lt;/EnableAttributeRules&gt;&lt;/workflow&gt;&lt;workflow&gt;&lt;EnableAttributeRules&gt;&lt;rule_name&gt;Val Año&lt;/rule_name&gt;&lt;rule_type&gt;CONSTRAINT&lt;/rule_type&gt;&lt;/EnableAttributeRules&gt;&lt;/workflow&gt;&lt;workflow&gt;&lt;EnableAttributeRules&gt;&lt;rule_name&gt;Val Cod Dpto&lt;/rule_name&gt;&lt;rule_type&gt;CONSTRAINT&lt;/rule_type&gt;&lt;/EnableAttributeRules&gt;&lt;/workflow&gt;&lt;/operationSequence&gt;"</Process><Process ToolSource="c:\program files\arcgis\pro\Resources\ArcToolbox\toolboxes\Data Management Tools.tbx\UpdateSchema" Date="20231211" Time="120447">UpdateSchema "CIMDATA=&lt;CIMFeatureDatasetDataConnection xsi:type='typens:CIMFeatureDatasetDataConnection' xmlns:xsi='http://www.w3.org/2001/XMLSchema-instance' xmlns:xs='http://www.w3.org/2001/XMLSchema' xmlns:typens='http://www.esri.com/schemas/ArcGIS/2.9.0'&gt;&lt;FeatureDataset&gt;mgn_administrativo&lt;/FeatureDataset&gt;&lt;WorkspaceConnectionString&gt;DATABASE=E:\JEZORAH\ACTUALIZACION_MGN_URBANO\VIGENCIA_2023\INSUMOS_2023\BACKUPS\MGN_RUR_2023.gdb&lt;/WorkspaceConnectionString&gt;&lt;WorkspaceFactory&gt;FileGDB&lt;/WorkspaceFactory&gt;&lt;Dataset&gt;mgn_adm_dpto_politico&lt;/Dataset&gt;&lt;DatasetType&gt;esriDTFeatureClass&lt;/DatasetType&gt;&lt;/CIMFeatureDatasetDataConnection&gt;" "&lt;operationSequence&gt;&lt;workflow&gt;&lt;EnableAttributeRules&gt;&lt;rule_name&gt;Val año creacion&lt;/rule_name&gt;&lt;rule_type&gt;CONSTRAINT&lt;/rule_type&gt;&lt;/EnableAttributeRules&gt;&lt;/workflow&gt;&lt;/operationSequence&gt;"</Process><Process ToolSource="c:\program files\arcgis\pro\Resources\ArcToolbox\Toolboxes\Data Management Tools.tbx\UpdateSchema" Date="20231211" Time="120841">UpdateSchema "CIMDATA=&lt;CIMFeatureDatasetDataConnection xsi:type='typens:CIMFeatureDatasetDataConnection' xmlns:xsi='http://www.w3.org/2001/XMLSchema-instance' xmlns:xs='http://www.w3.org/2001/XMLSchema' xmlns:typens='http://www.esri.com/schemas/ArcGIS/2.9.0'&gt;&lt;FeatureDataset&gt;mgn_administrativo&lt;/FeatureDataset&gt;&lt;WorkspaceConnectionString&gt;DATABASE=E:\JEZORAH\ACTUALIZACION_MGN_URBANO\VIGENCIA_2023\INSUMOS_2023\BACKUPS\MGN_RUR_2023.gdb&lt;/WorkspaceConnectionString&gt;&lt;WorkspaceFactory&gt;FileGDB&lt;/WorkspaceFactory&gt;&lt;Dataset&gt;mgn_adm_dpto_politico&lt;/Dataset&gt;&lt;DatasetType&gt;esriDTFeatureClass&lt;/DatasetType&gt;&lt;/CIMFeatureDatasetDataConnection&gt;" "&lt;operationSequence&gt;&lt;workflow&gt;&lt;DisableAttributeRules&gt;&lt;rule_name&gt;Val Nomb Dpto&lt;/rule_name&gt;&lt;rule_type&gt;CONSTRAINT&lt;/rule_type&gt;&lt;/DisableAttributeRules&gt;&lt;/workflow&gt;&lt;workflow&gt;&lt;DisableAttributeRules&gt;&lt;rule_name&gt;Val año creacion&lt;/rule_name&gt;&lt;rule_type&gt;CONSTRAINT&lt;/rule_type&gt;&lt;/DisableAttributeRules&gt;&lt;/workflow&gt;&lt;/operationSequence&gt;"</Process><Process Name="Append (1)" ToolSource="c:\program files\arcgis\pro\Resources\ArcToolbox\toolboxes\Data Management Tools.tbx\Append" Date="20231211" Time="121458">Append MPIO_ZONA_01\MGN_ADM_DPTO_POLITICO E:\JEZORAH\ACTUALIZACION_MGN_URBANO\VIGENCIA_2023\INSUMOS_2023\BACKUPS\MGN_RUR_2023.gdb\mgn_administrativo\mgn_adm_dpto_politico "Input fields must match target fields" # # #</Process><Process ToolSource="c:\program files\arcgis\pro\Resources\ArcToolbox\toolboxes\Data Management Tools.tbx\UpdateSchema" Date="20231211" Time="121956">UpdateSchema "CIMDATA=&lt;CIMFeatureDatasetDataConnection xsi:type='typens:CIMFeatureDatasetDataConnection' xmlns:xsi='http://www.w3.org/2001/XMLSchema-instance' xmlns:xs='http://www.w3.org/2001/XMLSchema' xmlns:typens='http://www.esri.com/schemas/ArcGIS/2.9.0'&gt;&lt;FeatureDataset&gt;mgn_administrativo&lt;/FeatureDataset&gt;&lt;WorkspaceConnectionString&gt;DATABASE=E:\JEZORAH\ACTUALIZACION_MGN_URBANO\VIGENCIA_2023\INSUMOS_2023\BACKUPS\MGN_RUR_2023.gdb&lt;/WorkspaceConnectionString&gt;&lt;WorkspaceFactory&gt;FileGDB&lt;/WorkspaceFactory&gt;&lt;Dataset&gt;mgn_adm_dpto_politico&lt;/Dataset&gt;&lt;DatasetType&gt;esriDTFeatureClass&lt;/DatasetType&gt;&lt;/CIMFeatureDatasetDataConnection&gt;" "&lt;operationSequence&gt;&lt;workflow&gt;&lt;EnableAttributeRules&gt;&lt;rule_name&gt;Val Nomb Dpto&lt;/rule_name&gt;&lt;rule_type&gt;CONSTRAINT&lt;/rule_type&gt;&lt;/EnableAttributeRules&gt;&lt;/workflow&gt;&lt;workflow&gt;&lt;EnableAttributeRules&gt;&lt;rule_name&gt;Val año creacion&lt;/rule_name&gt;&lt;rule_type&gt;CONSTRAINT&lt;/rule_type&gt;&lt;/EnableAttributeRules&gt;&lt;/workflow&gt;&lt;workflow&gt;&lt;EnableAttributeRules&gt;&lt;rule_name&gt;Val acto admin&lt;/rule_name&gt;&lt;rule_type&gt;CONSTRAINT&lt;/rule_type&gt;&lt;/EnableAttributeRules&gt;&lt;/workflow&gt;&lt;workflow&gt;&lt;EnableAttributeRules&gt;&lt;rule_name&gt;Val Area Dpto&lt;/rule_name&gt;&lt;rule_type&gt;CONSTRAINT&lt;/rule_type&gt;&lt;/EnableAttributeRules&gt;&lt;/workflow&gt;&lt;workflow&gt;&lt;EnableAttributeRules&gt;&lt;rule_name&gt;Val Año&lt;/rule_name&gt;&lt;rule_type&gt;CONSTRAINT&lt;/rule_type&gt;&lt;/EnableAttributeRules&gt;&lt;/workflow&gt;&lt;workflow&gt;&lt;EnableAttributeRules&gt;&lt;rule_name&gt;Val Cod Dpto&lt;/rule_name&gt;&lt;rule_type&gt;CONSTRAINT&lt;/rule_type&gt;&lt;/EnableAttributeRules&gt;&lt;/workflow&gt;&lt;/operationSequence&gt;"</Process><Process ToolSource="c:\program files\arcgis\pro\Resources\ArcToolbox\toolboxes\Data Management Tools.tbx\CalculateField" Date="20231212" Time="223752">CalculateField MGN_2023\MGN_ADM_DPTO_POLITICO dpto_nano 2023 Arcade # Text NO_ENFORCE_DOMAINS</Process><Process ToolSource="c:\program files\arcgis\pro\Resources\ArcToolbox\toolboxes\Data Management Tools.tbx\CalculateGeometryAttributes" Date="20231212" Time="224226">CalculateGeometryAttributes MGN_2023\MGN_ADM_DPTO_POLITICO "dpto_narea AREA" # "Square kilometers" PROJCS["MAGNA_Colombia_Bogota",GEOGCS["GCS_MAGNA",DATUM["D_MAGNA",SPHEROID["GRS_1980",6378137.0,298.257222101]],PRIMEM["Greenwich",0.0],UNIT["Degree",0.0174532925199433]],PROJECTION["Transverse_Mercator"],PARAMETER["False_Easting",1000000.0],PARAMETER["False_Northing",1000000.0],PARAMETER["Central_Meridian",-74.07750791666666],PARAMETER["Scale_Factor",1.0],PARAMETER["Latitude_Of_Origin",4.596200416666666],UNIT["Meter",1.0]] "Same as input"</Process><Process ToolSource="c:\program files\arcgis\pro\Resources\ArcToolbox\toolboxes\Data Management Tools.tbx\DeleteField" Date="20231214" Time="171749">DeleteField MGN_2023\MGN_ADM_DPTO_POLITICO ASIG "Delete Fields"</Process><Process ToolSource="c:\program files\arcgis\pro\Resources\ArcToolbox\toolboxes\Data Management Tools.tbx\Append" Date="20231214" Time="195220">Append E:\JEZORAH\ACTUALIZACION_MGN_URBANO\VIGENCIA_2023\INSUMOS_2023\BACKUPS\MGN_RUR_2023.gdb\mgn_tematico\dpto E:\JEZORAH\ACTUALIZACION_MGN_URBANO\VIGENCIA_2023\INSUMOS_2023\BACKUPS\MGN_RUR_2023.gdb\mgn_administrativo\mgn_adm_dpto_politico "Use the field map to reconcile field differences" "dpto_ccdgo "Codigo departamento" true true false 2 Text 0 0,First,#,E:\JEZORAH\ACTUALIZACION_MGN_URBANO\VIGENCIA_2023\INSUMOS_2023\BACKUPS\MGN_RUR_2023.gdb\mgn_tematico\dpto,dpto_ccdgo,0,2;dpto_cnmbre "Nombre departamento" true true false 250 Text 0 0,First,#,E:\JEZORAH\ACTUALIZACION_MGN_URBANO\VIGENCIA_2023\INSUMOS_2023\BACKUPS\MGN_RUR_2023.gdb\mgn_tematico\dpto,dpto_cnmbre,0,250;dpto_ano_crcn "Año creacion" true true false 2 Short 0 0,First,#,E:\JEZORAH\ACTUALIZACION_MGN_URBANO\VIGENCIA_2023\INSUMOS_2023\BACKUPS\MGN_RUR_2023.gdb\mgn_tematico\dpto,dpto_ano_crcn,-1,-1;dpto_act_adm "Acto administrativo" true true false 100 Text 0 0,First,#,E:\JEZORAH\ACTUALIZACION_MGN_URBANO\VIGENCIA_2023\INSUMOS_2023\BACKUPS\MGN_RUR_2023.gdb\mgn_tematico\dpto,dpto_act_adm,0,100;dpto_narea "Area departamento (Km2)" true true false 8 Double 0 0,First,#,E:\JEZORAH\ACTUALIZACION_MGN_URBANO\VIGENCIA_2023\INSUMOS_2023\BACKUPS\MGN_RUR_2023.gdb\mgn_tematico\dpto,dpto_narea,-1,-1;dpto_nano "Año vigencia DANE" true true false 2 Short 0 0,First,#,E:\JEZORAH\ACTUALIZACION_MGN_URBANO\VIGENCIA_2023\INSUMOS_2023\BACKUPS\MGN_RUR_2023.gdb\mgn_tematico\dpto,dpto_nano,-1,-1" # #</Process><Process ToolSource="c:\program files\arcgis\pro\Resources\ArcToolbox\toolboxes\Conversion Tools.tbx\FeatureClassToFeatureClass" Date="20231218" Time="134859">FeatureClassToFeatureClass MGN_2023\MGN_ADM_DPTO_POLITICO E:\JEZORAH\ACTIVIDADES\BDG_MGN\VIGENCIA_2023\SHP MGN_ADM_DPTO_POLITICO.shp # "dpto_ccdgo "Codigo departamento" true true false 2 Text 0 0,First,#,MGN_2023\MGN_ADM_DPTO_POLITICO,dpto_ccdgo,0,2;dpto_cnmbre "Nombre departamento" true true false 250 Text 0 0,First,#,MGN_2023\MGN_ADM_DPTO_POLITICO,dpto_cnmbre,0,250;dpto_ano_crcn "Año creacion" true true false 2 Short 0 0,First,#,MGN_2023\MGN_ADM_DPTO_POLITICO,dpto_ano_crcn,-1,-1;dpto_act_adm "Acto administrativo" true true false 100 Text 0 0,First,#,MGN_2023\MGN_ADM_DPTO_POLITICO,dpto_act_adm,0,100;dpto_narea "Area departamento (Km2)" true true false 8 Double 0 0,First,#,MGN_2023\MGN_ADM_DPTO_POLITICO,dpto_narea,-1,-1;dpto_nano "Año vigencia DANE" true true false 2 Short 0 0,First,#,MGN_2023\MGN_ADM_DPTO_POLITICO,dpto_nano,-1,-1;shape_Length "shape_Length" false true true 8 Double 0 0,First,#,MGN_2023\MGN_ADM_DPTO_POLITICO,shape_Length,-1,-1;shape_Area "shape_Area" false true true 8 Double 0 0,First,#,MGN_2023\MGN_ADM_DPTO_POLITICO,shape_Area,-1,-1" #</Process></lineage><itemProps><itemName Sync="TRUE">MGN_ADM_DPTO_POLITICO</itemName><imsContentType Sync="TRUE">002</imsContentType><itemSize Sync="TRUE">0.000</itemSize><itemLocation><linkage Sync="TRUE">file://\\DIG-W-007\VIGENCIA_2023\SHP\MGN_ADM_DPTO_POLITICO.shp</linkage><protocol Sync="TRUE">Local Area Network</protocol></itemLocation></itemProps><coordRef><type Sync="TRUE">Geographic</type><geogcsn Sync="TRUE">GCS_MAGNA</geogcsn><csUnits Sync="TRUE">Angular Unit: Degree (0.017453)</csUnits><peXml Sync="TRUE">&lt;GeographicCoordinateSystem xsi:type='typens:GeographicCoordinateSystem' xmlns:xsi='http://www.w3.org/2001/XMLSchema-instance' xmlns:xs='http://www.w3.org/2001/XMLSchema' xmlns:typens='http://www.esri.com/schemas/ArcGIS/2.9.0'&gt;&lt;WKT&gt;GEOGCS[&amp;quot;GCS_MAGNA&amp;quot;,DATUM[&amp;quot;D_MAGNA&amp;quot;,SPHEROID[&amp;quot;GRS_1980&amp;quot;,6378137.0,298.257222101]],PRIMEM[&amp;quot;Greenwich&amp;quot;,0.0],UNIT[&amp;quot;Degree&amp;quot;,0.0174532925199433],AUTHORITY[&amp;quot;EPSG&amp;quot;,4686]]&lt;/WKT&gt;&lt;XOrigin&gt;-400&lt;/XOrigin&gt;&lt;YOrigin&gt;-400&lt;/YOrigin&gt;&lt;XYScale&gt;11258999068426.238&lt;/XYScale&gt;&lt;ZOrigin&gt;-100000&lt;/ZOrigin&gt;&lt;ZScale&gt;10000&lt;/ZScale&gt;&lt;MOrigin&gt;-100000&lt;/MOrigin&gt;&lt;MScale&gt;10000&lt;/MScale&gt;&lt;XYTolerance&gt;8.983152841195215e-09&lt;/XYTolerance&gt;&lt;ZTolerance&gt;0.001&lt;/ZTolerance&gt;&lt;MTolerance&gt;0.001&lt;/MTolerance&gt;&lt;HighPrecision&gt;true&lt;/HighPrecision&gt;&lt;LeftLongitude&gt;-180&lt;/LeftLongitude&gt;&lt;WKID&gt;4686&lt;/WKID&gt;&lt;LatestWKID&gt;4686&lt;/LatestWKID&gt;&lt;/GeographicCoordinateSystem&gt;</peXml></coordRef></DataProperties><SyncDate>20231218</SyncDate><SyncTime>13485800</SyncTime><ModDate>20231218</ModDate><ModTime>13485800</ModTime></Esri><dataIdInfo><envirDesc Sync="TRUE">Microsoft Windows 10 Version 10.0 (Build 19045) ; Esri ArcGIS 12.9.4.32739</envirDesc><dataLang><languageCode value="spa" Sync="TRUE"></languageCode><countryCode value="COL" Sync="TRUE"></countryCode></dataLang><idCitation><resTitle Sync="TRUE">MGN_ADM_DPTO_POLITICO</resTitle><presForm><PresFormCd value="005" Sync="TRUE"></PresFormCd></presForm></idCitation><spatRpType><SpatRepTypCd value="001" Sync="TRUE"></SpatRepTypCd></spatRpType></dataIdInfo><mdLang><languageCode value="spa" Sync="TRUE"></languageCode><countryCode value="COL" Sync="TRUE"></countryCode></mdLang><distInfo><distFormat><formatName Sync="TRUE">Shapefile</formatName></distFormat><distTranOps><transSize Sync="TRUE">0.000</transSize></distTranOps></distInfo><mdHrLv><ScopeCd value="005" Sync="TRUE"></ScopeCd></mdHrLv><mdHrLvName Sync="TRUE">dataset</mdHrLvName><refSysInfo><RefSystem><refSysID><identCode code="4686" Sync="TRUE"></identCode><idCodeSpace Sync="TRUE">EPSG</idCodeSpace><idVersion Sync="TRUE">6.14(9.2.0)</idVersion></refSysID></RefSystem></refSysInfo><spatRepInfo><VectSpatRep><geometObjs Name="MGN_ADM_DPTO_POLITICO"><geoObjTyp><GeoObjTypCd value="002" Sync="TRUE"></GeoObjTypCd></geoObjTyp><geoObjCnt Sync="TRUE">0</geoObjCnt></geometObjs><topLvl><TopoLevCd value="001" Sync="TRUE"></TopoLevCd></topLvl></VectSpatRep></spatRepInfo><spdoinfo><ptvctinf><esriterm Name="MGN_ADM_DPTO_POLITICO"><efeatyp Sync="TRUE">Simple</efeatyp><efeageom code="4" Sync="TRUE"></efeageom><esritopo Sync="TRUE">FALSE</esritopo><efeacnt Sync="TRUE">0</efeacnt><spindex Sync="TRUE">FALSE</spindex><linrefer Sync="TRUE">FALSE</linrefer></esriterm></ptvctinf></spdoinfo><eainfo><detailed Name="MGN_ADM_DPTO_POLITICO"><enttyp><enttypl Sync="TRUE">MGN_ADM_DPTO_POLITICO</enttypl><enttypt Sync="TRUE">Feature Class</enttypt><enttypc Sync="TRUE">0</enttypc></enttyp><attr><attrlabl Sync="TRUE">FID</attrlabl><attalias Sync="TRUE">FID</attalias><attrtype Sync="TRUE">OID</attrtype><attwidth Sync="TRUE">4</attwidth><atprecis Sync="TRUE">0</atprecis><attscale Sync="TRUE">0</attscale><attrdef Sync="TRUE">Internal feature number.</attrdef><attrdefs Sync="TRUE">Esri</attrdefs><attrdomv><udom Sync="TRUE">Sequential unique whole numbers that are automatically generated.</udom></attrdomv></attr><attr><attrlabl Sync="TRUE">Shape</attrlabl><attalias Sync="TRUE">Shape</attalias><attrtype Sync="TRUE">Geometry</attrtype><attwidth Sync="TRUE">0</attwidth><atprecis Sync="TRUE">0</atprecis><attscale Sync="TRUE">0</attscale><attrdef Sync="TRUE">Feature geometry.</attrdef><attrdefs Sync="TRUE">Esri</attrdefs><attrdomv><udom Sync="TRUE">Coordinates defining the features.</udom></attrdomv></attr><attr><attrlabl Sync="TRUE">dpto_ccdgo</attrlabl><attalias Sync="TRUE">dpto_ccdgo</attalias><attrtype Sync="TRUE">String</attrtype><attwidth Sync="TRUE">2</attwidth><atprecis Sync="TRUE">0</atprecis><attscale Sync="TRUE">0</attscale></attr><attr><attrlabl Sync="TRUE">dpto_cnmbr</attrlabl><attalias Sync="TRUE">dpto_cnmbr</attalias><attrtype Sync="TRUE">String</attrtype><attwidth Sync="TRUE">250</attwidth><atprecis Sync="TRUE">0</atprecis><attscale Sync="TRUE">0</attscale></attr><attr><attrlabl Sync="TRUE">dpto_ano_c</attrlabl><attalias Sync="TRUE">dpto_ano_c</attalias><attrtype Sync="TRUE">Integer</attrtype><attwidth Sync="TRUE">5</attwidth><atprecis Sync="TRUE">5</atprecis><attscale Sync="TRUE">0</attscale></attr><attr><attrlabl Sync="TRUE">dpto_act_a</attrlabl><attalias Sync="TRUE">dpto_act_a</attalias><attrtype Sync="TRUE">String</attrtype><attwidth Sync="TRUE">100</attwidth><atprecis Sync="TRUE">0</atprecis><attscale Sync="TRUE">0</attscale></attr><attr><attrlabl Sync="TRUE">dpto_narea</attrlabl><attalias Sync="TRUE">dpto_narea</attalias><attrtype Sync="TRUE">Double</attrtype><attwidth Sync="TRUE">19</attwidth><atprecis Sync="TRUE">0</atprecis><attscale Sync="TRUE">0</attscale></attr><attr><attrlabl Sync="TRUE">dpto_nano</attrlabl><attalias Sync="TRUE">dpto_nano</attalias><attrtype Sync="TRUE">Integer</attrtype><attwidth Sync="TRUE">5</attwidth><atprecis Sync="TRUE">5</atprecis><attscale Sync="TRUE">0</attscale></attr><attr><attrlabl Sync="TRUE">shape_Leng</attrlabl><attalias Sync="TRUE">shape_Leng</attalias><attrtype Sync="TRUE">Double</attrtype><attwidth Sync="TRUE">19</attwidth><atprecis Sync="TRUE">0</atprecis><attscale Sync="TRUE">0</attscale></attr><attr><attrlabl Sync="TRUE">shape_Area</attrlabl><attalias Sync="TRUE">shape_Area</attalias><attrtype Sync="TRUE">Double</attrtype><attwidth Sync="TRUE">19</attwidth><atprecis Sync="TRUE">0</atprecis><attscale Sync="TRUE">0</attscale><attrdef Sync="TRUE">Area of feature in internal units squared.</attrdef><attrdefs Sync="TRUE">Esri</attrdefs><attrdomv><udom Sync="TRUE">Positive real numbers that are automatically generated.</udom></attrdomv></attr></detailed></eainfo><mdDateSt Sync="TRUE">20231218</mdDateSt></metadata>
