<?xml version="1.0" encoding="UTF-8"?>
<metadata xml:lang="es"><Esri><CreaDate>20220504</CreaDate><CreaTime>12132100</CreaTime><ArcGISFormat>1.0</ArcGISFormat><SyncOnce>FALSE</SyncOnce><DataProperties><itemProps><itemName Sync="TRUE">MNZ_DANE</itemName><imsContentType Sync="TRUE">002</imsContentType><itemLocation><linkage Sync="TRUE">file://\\1400-211295\C$\Users\sonia.garzon\Downloads\BD_Proyecto\gdb_proyecto.gdb</linkage><protocol Sync="TRUE">Local Area Network</protocol></itemLocation><itemSize Sync="TRUE">0.000</itemSize></itemProps><coordRef><type Sync="TRUE">Geographic</type><geogcsn Sync="TRUE">GCS_WGS_1984</geogcsn><csUnits Sync="TRUE">Angular Unit: Degree (0.017453)</csUnits><peXml Sync="TRUE">&lt;GeographicCoordinateSystem xsi:type='typens:GeographicCoordinateSystem' xmlns:xsi='http://www.w3.org/2001/XMLSchema-instance' xmlns:xs='http://www.w3.org/2001/XMLSchema' xmlns:typens='http://www.esri.com/schemas/ArcGIS/10.8'&gt;&lt;WKT&gt;GEOGCS[&amp;quot;GCS_WGS_1984&amp;quot;,DATUM[&amp;quot;D_WGS_1984&amp;quot;,SPHEROID[&amp;quot;WGS_1984&amp;quot;,6378137.0,298.257223563]],PRIMEM[&amp;quot;Greenwich&amp;quot;,0.0],UNIT[&amp;quot;Degree&amp;quot;,0.0174532925199433],AUTHORITY[&amp;quot;EPSG&amp;quot;,4326]]&lt;/WKT&gt;&lt;XOrigin&gt;-400&lt;/XOrigin&gt;&lt;YOrigin&gt;-400&lt;/YOrigin&gt;&lt;XYScale&gt;999999999.99999988&lt;/XYScale&gt;&lt;ZOrigin&gt;-100000&lt;/ZOrigin&gt;&lt;ZScale&gt;10000&lt;/ZScale&gt;&lt;MOrigin&gt;-100000&lt;/MOrigin&gt;&lt;MScale&gt;10000&lt;/MScale&gt;&lt;XYTolerance&gt;8.983152841195215e-09&lt;/XYTolerance&gt;&lt;ZTolerance&gt;0.001&lt;/ZTolerance&gt;&lt;MTolerance&gt;0.001&lt;/MTolerance&gt;&lt;HighPrecision&gt;true&lt;/HighPrecision&gt;&lt;LeftLongitude&gt;-180&lt;/LeftLongitude&gt;&lt;WKID&gt;4326&lt;/WKID&gt;&lt;LatestWKID&gt;4326&lt;/LatestWKID&gt;&lt;/GeographicCoordinateSystem&gt;</peXml></coordRef><lineage><Process ToolSource="c:\program files (x86)\arcgis\desktop10.5\ArcToolbox\Toolboxes\Conversion Tools.tbx\FeatureClassToFeatureClass" Date="20200928" Time="085306">FeatureClassToFeatureClass E:\JEZORAH\MARCO_2019_ANM\AJUSTE_MGN2018_ANM\RESULTADOS\EJERCICIO_2\MGN2018CNPVANM_2.gdb\MGN_ANM_MANZANA E:\JEZORAH\MARCO_2019_ANM\AJUSTE_MGN2018_ANM\RESULTADOS\EJERCICIO_2\SHAPEFILE MGN_ANM_MANZANA.shp # "COD_DANE_A "COD_DANE_A" true true false 22 Text 0 0 ,First,#,E:\JEZORAH\MARCO_2019_ANM\AJUSTE_MGN2018_ANM\RESULTADOS\EJERCICIO_2\MGN2018CNPVANM_2.gdb\MGN_ANM_MANZANA,COD_DANE_A,-1,-1;DPTO_CCDGO "DPTO_CCDGO" true true false 2 Text 0 0 ,First,#,E:\JEZORAH\MARCO_2019_ANM\AJUSTE_MGN2018_ANM\RESULTADOS\EJERCICIO_2\MGN2018CNPVANM_2.gdb\MGN_ANM_MANZANA,DPTO_CCDGO,-1,-1;MPIO_CCDGO "MPIO_CCDGO" true true false 3 Text 0 0 ,First,#,E:\JEZORAH\MARCO_2019_ANM\AJUSTE_MGN2018_ANM\RESULTADOS\EJERCICIO_2\MGN2018CNPVANM_2.gdb\MGN_ANM_MANZANA,MPIO_CCDGO,-1,-1;MPIO_CDPMP "MPIO_CDPMP" true true false 5 Text 0 0 ,First,#,E:\JEZORAH\MARCO_2019_ANM\AJUSTE_MGN2018_ANM\RESULTADOS\EJERCICIO_2\MGN2018CNPVANM_2.gdb\MGN_ANM_MANZANA,MPIO_CDPMP,-1,-1;CLAS_CCDGO "CLAS_CCDGO" true true false 1 Text 0 0 ,First,#,E:\JEZORAH\MARCO_2019_ANM\AJUSTE_MGN2018_ANM\RESULTADOS\EJERCICIO_2\MGN2018CNPVANM_2.gdb\MGN_ANM_MANZANA,CLAS_CCDGO,-1,-1;SETR_CCDGO "SETR_CCDGO" true true false 3 Text 0 0 ,First,#,E:\JEZORAH\MARCO_2019_ANM\AJUSTE_MGN2018_ANM\RESULTADOS\EJERCICIO_2\MGN2018CNPVANM_2.gdb\MGN_ANM_MANZANA,SETR_CCDGO,-1,-1;SETR_CCNCT "SETR_CCNCT" true true false 9 Text 0 0 ,First,#,E:\JEZORAH\MARCO_2019_ANM\AJUSTE_MGN2018_ANM\RESULTADOS\EJERCICIO_2\MGN2018CNPVANM_2.gdb\MGN_ANM_MANZANA,SETR_CCNCT,-1,-1;SECR_CCDGO "SECR_CCDGO" true true false 2 Text 0 0 ,First,#,E:\JEZORAH\MARCO_2019_ANM\AJUSTE_MGN2018_ANM\RESULTADOS\EJERCICIO_2\MGN2018CNPVANM_2.gdb\MGN_ANM_MANZANA,SECR_CCDGO,-1,-1;SECR_CCNCT "SECR_CCNCT" true true false 11 Text 0 0 ,First,#,E:\JEZORAH\MARCO_2019_ANM\AJUSTE_MGN2018_ANM\RESULTADOS\EJERCICIO_2\MGN2018CNPVANM_2.gdb\MGN_ANM_MANZANA,SECR_CCNCT,-1,-1;ZU_CCDGO "ZU_CCDGO" true true false 3 Text 0 0 ,First,#,E:\JEZORAH\MARCO_2019_ANM\AJUSTE_MGN2018_ANM\RESULTADOS\EJERCICIO_2\MGN2018CNPVANM_2.gdb\MGN_ANM_MANZANA,ZU_CCDGO,-1,-1;ZU_CDIVI "ZU_CDIVI" true true false 8 Text 0 0 ,First,#,E:\JEZORAH\MARCO_2019_ANM\AJUSTE_MGN2018_ANM\RESULTADOS\EJERCICIO_2\MGN2018CNPVANM_2.gdb\MGN_ANM_MANZANA,ZU_CDIVI,-1,-1;SETU_CCDGO "SETU_CCDGO" true true false 4 Text 0 0 ,First,#,E:\JEZORAH\MARCO_2019_ANM\AJUSTE_MGN2018_ANM\RESULTADOS\EJERCICIO_2\MGN2018CNPVANM_2.gdb\MGN_ANM_MANZANA,SETU_CCDGO,-1,-1;SETU_CCNCT "SETU_CCNCT" true true false 18 Text 0 0 ,First,#,E:\JEZORAH\MARCO_2019_ANM\AJUSTE_MGN2018_ANM\RESULTADOS\EJERCICIO_2\MGN2018CNPVANM_2.gdb\MGN_ANM_MANZANA,SETU_CCNCT,-1,-1;SECU_CCDGO "SECU_CCDGO" true true false 20 Text 0 0 ,First,#,E:\JEZORAH\MARCO_2019_ANM\AJUSTE_MGN2018_ANM\RESULTADOS\EJERCICIO_2\MGN2018CNPVANM_2.gdb\MGN_ANM_MANZANA,SECU_CCDGO,-1,-1;SECU_CCNCT "SECU_CCNCT" true true false 50 Text 0 0 ,First,#,E:\JEZORAH\MARCO_2019_ANM\AJUSTE_MGN2018_ANM\RESULTADOS\EJERCICIO_2\MGN2018CNPVANM_2.gdb\MGN_ANM_MANZANA,SECU_CCNCT,-1,-1;MANZ_CCDGO "MANZ_CCDGO" true true false 2 Text 0 0 ,First,#,E:\JEZORAH\MARCO_2019_ANM\AJUSTE_MGN2018_ANM\RESULTADOS\EJERCICIO_2\MGN2018CNPVANM_2.gdb\MGN_ANM_MANZANA,MANZ_CCDGO,-1,-1;AG_CCDGO "AG_CCDGO" true true false 6 Text 0 0 ,First,#,E:\JEZORAH\MARCO_2019_ANM\AJUSTE_MGN2018_ANM\RESULTADOS\EJERCICIO_2\MGN2018CNPVANM_2.gdb\MGN_ANM_MANZANA,AG_CCDGO,-1,-1;DATO_ANM "DATO_ANM" true true false 50 Text 0 0 ,First,#,E:\JEZORAH\MARCO_2019_ANM\AJUSTE_MGN2018_ANM\RESULTADOS\EJERCICIO_2\MGN2018CNPVANM_2.gdb\MGN_ANM_MANZANA,DATO_ANM,-1,-1;VERSION "VERSION" true true false 2 Short 0 0 ,First,#,E:\JEZORAH\MARCO_2019_ANM\AJUSTE_MGN2018_ANM\RESULTADOS\EJERCICIO_2\MGN2018CNPVANM_2.gdb\MGN_ANM_MANZANA,VERSION,-1,-1;AREA "AREA" true true false 8 Double 0 0 ,First,#,E:\JEZORAH\MARCO_2019_ANM\AJUSTE_MGN2018_ANM\RESULTADOS\EJERCICIO_2\MGN2018CNPVANM_2.gdb\MGN_ANM_MANZANA,AREA,-1,-1;LATITUD "LATITUD" true true false 8 Double 0 0 ,First,#,E:\JEZORAH\MARCO_2019_ANM\AJUSTE_MGN2018_ANM\RESULTADOS\EJERCICIO_2\MGN2018CNPVANM_2.gdb\MGN_ANM_MANZANA,LATITUD,-1,-1;LONGITUD "LONGITUD" true true false 8 Double 0 0 ,First,#,E:\JEZORAH\MARCO_2019_ANM\AJUSTE_MGN2018_ANM\RESULTADOS\EJERCICIO_2\MGN2018CNPVANM_2.gdb\MGN_ANM_MANZANA,LONGITUD,-1,-1;DENSIDAD "DENSIDAD" true true false 8 Double 0 0 ,First,#,E:\JEZORAH\MARCO_2019_ANM\AJUSTE_MGN2018_ANM\RESULTADOS\EJERCICIO_2\MGN2018CNPVANM_2.gdb\MGN_ANM_MANZANA,DENSIDAD,-1,-1;CTNENCUEST "CTNENCUEST" true true false 8 Double 0 0 ,First,#,E:\JEZORAH\MARCO_2019_ANM\AJUSTE_MGN2018_ANM\RESULTADOS\EJERCICIO_2\MGN2018CNPVANM_2.gdb\MGN_ANM_MANZANA,CTNENCUEST,-1,-1;TP3_1_SI "TP3_1_SI" true true false 8 Double 0 0 ,First,#,E:\JEZORAH\MARCO_2019_ANM\AJUSTE_MGN2018_ANM\RESULTADOS\EJERCICIO_2\MGN2018CNPVANM_2.gdb\MGN_ANM_MANZANA,TP3_1_SI,-1,-1;TP3_2_NO "TP3_2_NO" true true false 8 Double 0 0 ,First,#,E:\JEZORAH\MARCO_2019_ANM\AJUSTE_MGN2018_ANM\RESULTADOS\EJERCICIO_2\MGN2018CNPVANM_2.gdb\MGN_ANM_MANZANA,TP3_2_NO,-1,-1;TP3A_RI "TP3A_RI" true true false 8 Double 0 0 ,First,#,E:\JEZORAH\MARCO_2019_ANM\AJUSTE_MGN2018_ANM\RESULTADOS\EJERCICIO_2\MGN2018CNPVANM_2.gdb\MGN_ANM_MANZANA,TP3A_RI,-1,-1;TP3B_TCN "TP3B_TCN" true true false 8 Double 0 0 ,First,#,E:\JEZORAH\MARCO_2019_ANM\AJUSTE_MGN2018_ANM\RESULTADOS\EJERCICIO_2\MGN2018CNPVANM_2.gdb\MGN_ANM_MANZANA,TP3B_TCN,-1,-1;TP4_1_SI "TP4_1_SI" true true false 8 Double 0 0 ,First,#,E:\JEZORAH\MARCO_2019_ANM\AJUSTE_MGN2018_ANM\RESULTADOS\EJERCICIO_2\MGN2018CNPVANM_2.gdb\MGN_ANM_MANZANA,TP4_1_SI,-1,-1;TP4_2_NO "TP4_2_NO" true true false 8 Double 0 0 ,First,#,E:\JEZORAH\MARCO_2019_ANM\AJUSTE_MGN2018_ANM\RESULTADOS\EJERCICIO_2\MGN2018CNPVANM_2.gdb\MGN_ANM_MANZANA,TP4_2_NO,-1,-1;TP9_1_USO "TP9_1_USO" true true false 8 Double 0 0 ,First,#,E:\JEZORAH\MARCO_2019_ANM\AJUSTE_MGN2018_ANM\RESULTADOS\EJERCICIO_2\MGN2018CNPVANM_2.gdb\MGN_ANM_MANZANA,TP9_1_USO,-1,-1;TP9_2_USO "TP9_2_USO" true true false 8 Double 0 0 ,First,#,E:\JEZORAH\MARCO_2019_ANM\AJUSTE_MGN2018_ANM\RESULTADOS\EJERCICIO_2\MGN2018CNPVANM_2.gdb\MGN_ANM_MANZANA,TP9_2_USO,-1,-1;TP9_3_USO "TP9_3_USO" true true false 8 Double 0 0 ,First,#,E:\JEZORAH\MARCO_2019_ANM\AJUSTE_MGN2018_ANM\RESULTADOS\EJERCICIO_2\MGN2018CNPVANM_2.gdb\MGN_ANM_MANZANA,TP9_3_USO,-1,-1;TP9_4_USO "TP9_4_USO" true true false 8 Double 0 0 ,First,#,E:\JEZORAH\MARCO_2019_ANM\AJUSTE_MGN2018_ANM\RESULTADOS\EJERCICIO_2\MGN2018CNPVANM_2.gdb\MGN_ANM_MANZANA,TP9_4_USO,-1,-1;TP9_2_1_MI "TP9_2_1_MI" true true false 8 Double 0 0 ,First,#,E:\JEZORAH\MARCO_2019_ANM\AJUSTE_MGN2018_ANM\RESULTADOS\EJERCICIO_2\MGN2018CNPVANM_2.gdb\MGN_ANM_MANZANA,TP9_2_1_MI,-1,-1;TP9_2_2_MI "TP9_2_2_MI" true true false 8 Double 0 0 ,First,#,E:\JEZORAH\MARCO_2019_ANM\AJUSTE_MGN2018_ANM\RESULTADOS\EJERCICIO_2\MGN2018CNPVANM_2.gdb\MGN_ANM_MANZANA,TP9_2_2_MI,-1,-1;TP9_2_3_MI "TP9_2_3_MI" true true false 8 Double 0 0 ,First,#,E:\JEZORAH\MARCO_2019_ANM\AJUSTE_MGN2018_ANM\RESULTADOS\EJERCICIO_2\MGN2018CNPVANM_2.gdb\MGN_ANM_MANZANA,TP9_2_3_MI,-1,-1;TP9_2_4_MI "TP9_2_4_MI" true true false 8 Double 0 0 ,First,#,E:\JEZORAH\MARCO_2019_ANM\AJUSTE_MGN2018_ANM\RESULTADOS\EJERCICIO_2\MGN2018CNPVANM_2.gdb\MGN_ANM_MANZANA,TP9_2_4_MI,-1,-1;TP9_2_9_MI "TP9_2_9_MI" true true false 8 Double 0 0 ,First,#,E:\JEZORAH\MARCO_2019_ANM\AJUSTE_MGN2018_ANM\RESULTADOS\EJERCICIO_2\MGN2018CNPVANM_2.gdb\MGN_ANM_MANZANA,TP9_2_9_MI,-1,-1;TP9_3_1_NO "TP9_3_1_NO" true true false 8 Double 0 0 ,First,#,E:\JEZORAH\MARCO_2019_ANM\AJUSTE_MGN2018_ANM\RESULTADOS\EJERCICIO_2\MGN2018CNPVANM_2.gdb\MGN_ANM_MANZANA,TP9_3_1_NO,-1,-1;TP9_3_2_NO "TP9_3_2_NO" true true false 8 Double 0 0 ,First,#,E:\JEZORAH\MARCO_2019_ANM\AJUSTE_MGN2018_ANM\RESULTADOS\EJERCICIO_2\MGN2018CNPVANM_2.gdb\MGN_ANM_MANZANA,TP9_3_2_NO,-1,-1;TP9_3_3_NO "TP9_3_3_NO" true true false 8 Double 0 0 ,First,#,E:\JEZORAH\MARCO_2019_ANM\AJUSTE_MGN2018_ANM\RESULTADOS\EJERCICIO_2\MGN2018CNPVANM_2.gdb\MGN_ANM_MANZANA,TP9_3_3_NO,-1,-1;TP9_3_4_NO "TP9_3_4_NO" true true false 8 Double 0 0 ,First,#,E:\JEZORAH\MARCO_2019_ANM\AJUSTE_MGN2018_ANM\RESULTADOS\EJERCICIO_2\MGN2018CNPVANM_2.gdb\MGN_ANM_MANZANA,TP9_3_4_NO,-1,-1;TP9_3_5_NO "TP9_3_5_NO" true true false 8 Double 0 0 ,First,#,E:\JEZORAH\MARCO_2019_ANM\AJUSTE_MGN2018_ANM\RESULTADOS\EJERCICIO_2\MGN2018CNPVANM_2.gdb\MGN_ANM_MANZANA,TP9_3_5_NO,-1,-1;TP9_3_6_NO "TP9_3_6_NO" true true false 8 Double 0 0 ,First,#,E:\JEZORAH\MARCO_2019_ANM\AJUSTE_MGN2018_ANM\RESULTADOS\EJERCICIO_2\MGN2018CNPVANM_2.gdb\MGN_ANM_MANZANA,TP9_3_6_NO,-1,-1;TP9_3_7_NO "TP9_3_7_NO" true true false 8 Double 0 0 ,First,#,E:\JEZORAH\MARCO_2019_ANM\AJUSTE_MGN2018_ANM\RESULTADOS\EJERCICIO_2\MGN2018CNPVANM_2.gdb\MGN_ANM_MANZANA,TP9_3_7_NO,-1,-1;TP9_3_8_NO "TP9_3_8_NO" true true false 8 Double 0 0 ,First,#,E:\JEZORAH\MARCO_2019_ANM\AJUSTE_MGN2018_ANM\RESULTADOS\EJERCICIO_2\MGN2018CNPVANM_2.gdb\MGN_ANM_MANZANA,TP9_3_8_NO,-1,-1;TP9_3_9_NO "TP9_3_9_NO" true true false 8 Double 0 0 ,First,#,E:\JEZORAH\MARCO_2019_ANM\AJUSTE_MGN2018_ANM\RESULTADOS\EJERCICIO_2\MGN2018CNPVANM_2.gdb\MGN_ANM_MANZANA,TP9_3_9_NO,-1,-1;TP9_3_10_N "TP9_3_10_N" true true false 8 Double 0 0 ,First,#,E:\JEZORAH\MARCO_2019_ANM\AJUSTE_MGN2018_ANM\RESULTADOS\EJERCICIO_2\MGN2018CNPVANM_2.gdb\MGN_ANM_MANZANA,TP9_3_10_N,-1,-1;TP9_3_99_N "TP9_3_99_N" true true false 8 Double 0 0 ,First,#,E:\JEZORAH\MARCO_2019_ANM\AJUSTE_MGN2018_ANM\RESULTADOS\EJERCICIO_2\MGN2018CNPVANM_2.gdb\MGN_ANM_MANZANA,TP9_3_99_N,-1,-1;TVIVIENDA "TVIVIENDA" true true false 8 Double 0 0 ,First,#,E:\JEZORAH\MARCO_2019_ANM\AJUSTE_MGN2018_ANM\RESULTADOS\EJERCICIO_2\MGN2018CNPVANM_2.gdb\MGN_ANM_MANZANA,TVIVIENDA,-1,-1;TP14_1_TIP "TP14_1_TIP" true true false 8 Double 0 0 ,First,#,E:\JEZORAH\MARCO_2019_ANM\AJUSTE_MGN2018_ANM\RESULTADOS\EJERCICIO_2\MGN2018CNPVANM_2.gdb\MGN_ANM_MANZANA,TP14_1_TIP,-1,-1;TP14_2_TIP "TP14_2_TIP" true true false 8 Double 0 0 ,First,#,E:\JEZORAH\MARCO_2019_ANM\AJUSTE_MGN2018_ANM\RESULTADOS\EJERCICIO_2\MGN2018CNPVANM_2.gdb\MGN_ANM_MANZANA,TP14_2_TIP,-1,-1;TP14_3_TIP "TP14_3_TIP" true true false 8 Double 0 0 ,First,#,E:\JEZORAH\MARCO_2019_ANM\AJUSTE_MGN2018_ANM\RESULTADOS\EJERCICIO_2\MGN2018CNPVANM_2.gdb\MGN_ANM_MANZANA,TP14_3_TIP,-1,-1;TP14_4_TIP "TP14_4_TIP" true true false 8 Double 0 0 ,First,#,E:\JEZORAH\MARCO_2019_ANM\AJUSTE_MGN2018_ANM\RESULTADOS\EJERCICIO_2\MGN2018CNPVANM_2.gdb\MGN_ANM_MANZANA,TP14_4_TIP,-1,-1;TP14_5_TIP "TP14_5_TIP" true true false 8 Double 0 0 ,First,#,E:\JEZORAH\MARCO_2019_ANM\AJUSTE_MGN2018_ANM\RESULTADOS\EJERCICIO_2\MGN2018CNPVANM_2.gdb\MGN_ANM_MANZANA,TP14_5_TIP,-1,-1;TP14_6_TIP "TP14_6_TIP" true true false 8 Double 0 0 ,First,#,E:\JEZORAH\MARCO_2019_ANM\AJUSTE_MGN2018_ANM\RESULTADOS\EJERCICIO_2\MGN2018CNPVANM_2.gdb\MGN_ANM_MANZANA,TP14_6_TIP,-1,-1;TP15_1_OCU "TP15_1_OCU" true true false 8 Double 0 0 ,First,#,E:\JEZORAH\MARCO_2019_ANM\AJUSTE_MGN2018_ANM\RESULTADOS\EJERCICIO_2\MGN2018CNPVANM_2.gdb\MGN_ANM_MANZANA,TP15_1_OCU,-1,-1;TP15_2_OCU "TP15_2_OCU" true true false 8 Double 0 0 ,First,#,E:\JEZORAH\MARCO_2019_ANM\AJUSTE_MGN2018_ANM\RESULTADOS\EJERCICIO_2\MGN2018CNPVANM_2.gdb\MGN_ANM_MANZANA,TP15_2_OCU,-1,-1;TP15_3_OCU "TP15_3_OCU" true true false 8 Double 0 0 ,First,#,E:\JEZORAH\MARCO_2019_ANM\AJUSTE_MGN2018_ANM\RESULTADOS\EJERCICIO_2\MGN2018CNPVANM_2.gdb\MGN_ANM_MANZANA,TP15_3_OCU,-1,-1;TP15_4_OCU "TP15_4_OCU" true true false 8 Double 0 0 ,First,#,E:\JEZORAH\MARCO_2019_ANM\AJUSTE_MGN2018_ANM\RESULTADOS\EJERCICIO_2\MGN2018CNPVANM_2.gdb\MGN_ANM_MANZANA,TP15_4_OCU,-1,-1;TP16_HOG "TP16_HOG" true true false 8 Double 0 0 ,First,#,E:\JEZORAH\MARCO_2019_ANM\AJUSTE_MGN2018_ANM\RESULTADOS\EJERCICIO_2\MGN2018CNPVANM_2.gdb\MGN_ANM_MANZANA,TP16_HOG,-1,-1;TP19_EE_1 "TP19_EE_1" true true false 8 Double 0 0 ,First,#,E:\JEZORAH\MARCO_2019_ANM\AJUSTE_MGN2018_ANM\RESULTADOS\EJERCICIO_2\MGN2018CNPVANM_2.gdb\MGN_ANM_MANZANA,TP19_EE_1,-1,-1;TP19_EE_2 "TP19_EE_2" true true false 8 Double 0 0 ,First,#,E:\JEZORAH\MARCO_2019_ANM\AJUSTE_MGN2018_ANM\RESULTADOS\EJERCICIO_2\MGN2018CNPVANM_2.gdb\MGN_ANM_MANZANA,TP19_EE_2,-1,-1;TP19_EE_E1 "TP19_EE_E1" true true false 8 Double 0 0 ,First,#,E:\JEZORAH\MARCO_2019_ANM\AJUSTE_MGN2018_ANM\RESULTADOS\EJERCICIO_2\MGN2018CNPVANM_2.gdb\MGN_ANM_MANZANA,TP19_EE_E1,-1,-1;TP19_EE_E2 "TP19_EE_E2" true true false 8 Double 0 0 ,First,#,E:\JEZORAH\MARCO_2019_ANM\AJUSTE_MGN2018_ANM\RESULTADOS\EJERCICIO_2\MGN2018CNPVANM_2.gdb\MGN_ANM_MANZANA,TP19_EE_E2,-1,-1;TP19_EE_E3 "TP19_EE_E3" true true false 8 Double 0 0 ,First,#,E:\JEZORAH\MARCO_2019_ANM\AJUSTE_MGN2018_ANM\RESULTADOS\EJERCICIO_2\MGN2018CNPVANM_2.gdb\MGN_ANM_MANZANA,TP19_EE_E3,-1,-1;TP19_EE_E4 "TP19_EE_E4" true true false 8 Double 0 0 ,First,#,E:\JEZORAH\MARCO_2019_ANM\AJUSTE_MGN2018_ANM\RESULTADOS\EJERCICIO_2\MGN2018CNPVANM_2.gdb\MGN_ANM_MANZANA,TP19_EE_E4,-1,-1;TP19_EE_E5 "TP19_EE_E5" true true false 8 Double 0 0 ,First,#,E:\JEZORAH\MARCO_2019_ANM\AJUSTE_MGN2018_ANM\RESULTADOS\EJERCICIO_2\MGN2018CNPVANM_2.gdb\MGN_ANM_MANZANA,TP19_EE_E5,-1,-1;TP19_EE_E6 "TP19_EE_E6" true true false 8 Double 0 0 ,First,#,E:\JEZORAH\MARCO_2019_ANM\AJUSTE_MGN2018_ANM\RESULTADOS\EJERCICIO_2\MGN2018CNPVANM_2.gdb\MGN_ANM_MANZANA,TP19_EE_E6,-1,-1;TP19_EE_E9 "TP19_EE_E9" true true false 8 Double 0 0 ,First,#,E:\JEZORAH\MARCO_2019_ANM\AJUSTE_MGN2018_ANM\RESULTADOS\EJERCICIO_2\MGN2018CNPVANM_2.gdb\MGN_ANM_MANZANA,TP19_EE_E9,-1,-1;TP19_ACU_1 "TP19_ACU_1" true true false 8 Double 0 0 ,First,#,E:\JEZORAH\MARCO_2019_ANM\AJUSTE_MGN2018_ANM\RESULTADOS\EJERCICIO_2\MGN2018CNPVANM_2.gdb\MGN_ANM_MANZANA,TP19_ACU_1,-1,-1;TP19_ACU_2 "TP19_ACU_2" true true false 8 Double 0 0 ,First,#,E:\JEZORAH\MARCO_2019_ANM\AJUSTE_MGN2018_ANM\RESULTADOS\EJERCICIO_2\MGN2018CNPVANM_2.gdb\MGN_ANM_MANZANA,TP19_ACU_2,-1,-1;TP19_ALC_1 "TP19_ALC_1" true true false 8 Double 0 0 ,First,#,E:\JEZORAH\MARCO_2019_ANM\AJUSTE_MGN2018_ANM\RESULTADOS\EJERCICIO_2\MGN2018CNPVANM_2.gdb\MGN_ANM_MANZANA,TP19_ALC_1,-1,-1;TP19_ALC_2 "TP19_ALC_2" true true false 8 Double 0 0 ,First,#,E:\JEZORAH\MARCO_2019_ANM\AJUSTE_MGN2018_ANM\RESULTADOS\EJERCICIO_2\MGN2018CNPVANM_2.gdb\MGN_ANM_MANZANA,TP19_ALC_2,-1,-1;TP19_GAS_1 "TP19_GAS_1" true true false 8 Double 0 0 ,First,#,E:\JEZORAH\MARCO_2019_ANM\AJUSTE_MGN2018_ANM\RESULTADOS\EJERCICIO_2\MGN2018CNPVANM_2.gdb\MGN_ANM_MANZANA,TP19_GAS_1,-1,-1;TP19_GAS_2 "TP19_GAS_2" true true false 8 Double 0 0 ,First,#,E:\JEZORAH\MARCO_2019_ANM\AJUSTE_MGN2018_ANM\RESULTADOS\EJERCICIO_2\MGN2018CNPVANM_2.gdb\MGN_ANM_MANZANA,TP19_GAS_2,-1,-1;TP19_GAS_9 "TP19_GAS_9" true true false 8 Double 0 0 ,First,#,E:\JEZORAH\MARCO_2019_ANM\AJUSTE_MGN2018_ANM\RESULTADOS\EJERCICIO_2\MGN2018CNPVANM_2.gdb\MGN_ANM_MANZANA,TP19_GAS_9,-1,-1;TP19_RECB1 "TP19_RECB1" true true false 8 Double 0 0 ,First,#,E:\JEZORAH\MARCO_2019_ANM\AJUSTE_MGN2018_ANM\RESULTADOS\EJERCICIO_2\MGN2018CNPVANM_2.gdb\MGN_ANM_MANZANA,TP19_RECB1,-1,-1;TP19_RECB2 "TP19_RECB2" true true false 8 Double 0 0 ,First,#,E:\JEZORAH\MARCO_2019_ANM\AJUSTE_MGN2018_ANM\RESULTADOS\EJERCICIO_2\MGN2018CNPVANM_2.gdb\MGN_ANM_MANZANA,TP19_RECB2,-1,-1;TP19_INTE1 "TP19_INTE1" true true false 8 Double 0 0 ,First,#,E:\JEZORAH\MARCO_2019_ANM\AJUSTE_MGN2018_ANM\RESULTADOS\EJERCICIO_2\MGN2018CNPVANM_2.gdb\MGN_ANM_MANZANA,TP19_INTE1,-1,-1;TP19_INTE2 "TP19_INTE2" true true false 8 Double 0 0 ,First,#,E:\JEZORAH\MARCO_2019_ANM\AJUSTE_MGN2018_ANM\RESULTADOS\EJERCICIO_2\MGN2018CNPVANM_2.gdb\MGN_ANM_MANZANA,TP19_INTE2,-1,-1;TP19_INTE9 "TP19_INTE9" true true false 8 Double 0 0 ,First,#,E:\JEZORAH\MARCO_2019_ANM\AJUSTE_MGN2018_ANM\RESULTADOS\EJERCICIO_2\MGN2018CNPVANM_2.gdb\MGN_ANM_MANZANA,TP19_INTE9,-1,-1;TP27_PERSO "TP27_PERSO" true true false 8 Double 0 0 ,First,#,E:\JEZORAH\MARCO_2019_ANM\AJUSTE_MGN2018_ANM\RESULTADOS\EJERCICIO_2\MGN2018CNPVANM_2.gdb\MGN_ANM_MANZANA,TP27_PERSO,-1,-1;PERSONAS_L "PERSONAS_L" true true false 8 Double 0 0 ,First,#,E:\JEZORAH\MARCO_2019_ANM\AJUSTE_MGN2018_ANM\RESULTADOS\EJERCICIO_2\MGN2018CNPVANM_2.gdb\MGN_ANM_MANZANA,PERSONAS_L,-1,-1;PERSONAS_S "PERSONAS_S" true true false 8 Double 0 0 ,First,#,E:\JEZORAH\MARCO_2019_ANM\AJUSTE_MGN2018_ANM\RESULTADOS\EJERCICIO_2\MGN2018CNPVANM_2.gdb\MGN_ANM_MANZANA,PERSONAS_S,-1,-1;TP32_1_SEX "TP32_1_SEX" true true false 8 Double 0 0 ,First,#,E:\JEZORAH\MARCO_2019_ANM\AJUSTE_MGN2018_ANM\RESULTADOS\EJERCICIO_2\MGN2018CNPVANM_2.gdb\MGN_ANM_MANZANA,TP32_1_SEX,-1,-1;TP32_2_SEX "TP32_2_SEX" true true false 8 Double 0 0 ,First,#,E:\JEZORAH\MARCO_2019_ANM\AJUSTE_MGN2018_ANM\RESULTADOS\EJERCICIO_2\MGN2018CNPVANM_2.gdb\MGN_ANM_MANZANA,TP32_2_SEX,-1,-1;TP34_1_EDA "TP34_1_EDA" true true false 8 Double 0 0 ,First,#,E:\JEZORAH\MARCO_2019_ANM\AJUSTE_MGN2018_ANM\RESULTADOS\EJERCICIO_2\MGN2018CNPVANM_2.gdb\MGN_ANM_MANZANA,TP34_1_EDA,-1,-1;TP34_2_EDA "TP34_2_EDA" true true false 8 Double 0 0 ,First,#,E:\JEZORAH\MARCO_2019_ANM\AJUSTE_MGN2018_ANM\RESULTADOS\EJERCICIO_2\MGN2018CNPVANM_2.gdb\MGN_ANM_MANZANA,TP34_2_EDA,-1,-1;TP34_3_EDA "TP34_3_EDA" true true false 8 Double 0 0 ,First,#,E:\JEZORAH\MARCO_2019_ANM\AJUSTE_MGN2018_ANM\RESULTADOS\EJERCICIO_2\MGN2018CNPVANM_2.gdb\MGN_ANM_MANZANA,TP34_3_EDA,-1,-1;TP34_4_EDA "TP34_4_EDA" true true false 8 Double 0 0 ,First,#,E:\JEZORAH\MARCO_2019_ANM\AJUSTE_MGN2018_ANM\RESULTADOS\EJERCICIO_2\MGN2018CNPVANM_2.gdb\MGN_ANM_MANZANA,TP34_4_EDA,-1,-1;TP34_5_EDA "TP34_5_EDA" true true false 8 Double 0 0 ,First,#,E:\JEZORAH\MARCO_2019_ANM\AJUSTE_MGN2018_ANM\RESULTADOS\EJERCICIO_2\MGN2018CNPVANM_2.gdb\MGN_ANM_MANZANA,TP34_5_EDA,-1,-1;TP34_6_EDA "TP34_6_EDA" true true false 8 Double 0 0 ,First,#,E:\JEZORAH\MARCO_2019_ANM\AJUSTE_MGN2018_ANM\RESULTADOS\EJERCICIO_2\MGN2018CNPVANM_2.gdb\MGN_ANM_MANZANA,TP34_6_EDA,-1,-1;TP34_7_EDA "TP34_7_EDA" true true false 8 Double 0 0 ,First,#,E:\JEZORAH\MARCO_2019_ANM\AJUSTE_MGN2018_ANM\RESULTADOS\EJERCICIO_2\MGN2018CNPVANM_2.gdb\MGN_ANM_MANZANA,TP34_7_EDA,-1,-1;TP34_8_EDA "TP34_8_EDA" true true false 8 Double 0 0 ,First,#,E:\JEZORAH\MARCO_2019_ANM\AJUSTE_MGN2018_ANM\RESULTADOS\EJERCICIO_2\MGN2018CNPVANM_2.gdb\MGN_ANM_MANZANA,TP34_8_EDA,-1,-1;TP34_9_EDA "TP34_9_EDA" true true false 8 Double 0 0 ,First,#,E:\JEZORAH\MARCO_2019_ANM\AJUSTE_MGN2018_ANM\RESULTADOS\EJERCICIO_2\MGN2018CNPVANM_2.gdb\MGN_ANM_MANZANA,TP34_9_EDA,-1,-1;TP51PRIMAR "TP51PRIMAR" true true false 8 Double 0 0 ,First,#,E:\JEZORAH\MARCO_2019_ANM\AJUSTE_MGN2018_ANM\RESULTADOS\EJERCICIO_2\MGN2018CNPVANM_2.gdb\MGN_ANM_MANZANA,TP51PRIMAR,-1,-1;TP51SECUND "TP51SECUND" true true false 8 Double 0 0 ,First,#,E:\JEZORAH\MARCO_2019_ANM\AJUSTE_MGN2018_ANM\RESULTADOS\EJERCICIO_2\MGN2018CNPVANM_2.gdb\MGN_ANM_MANZANA,TP51SECUND,-1,-1;TP51SUPERI "TP51SUPERI" true true false 8 Double 0 0 ,First,#,E:\JEZORAH\MARCO_2019_ANM\AJUSTE_MGN2018_ANM\RESULTADOS\EJERCICIO_2\MGN2018CNPVANM_2.gdb\MGN_ANM_MANZANA,TP51SUPERI,-1,-1;TP51POSTGR "TP51POSTGR" true true false 8 Double 0 0 ,First,#,E:\JEZORAH\MARCO_2019_ANM\AJUSTE_MGN2018_ANM\RESULTADOS\EJERCICIO_2\MGN2018CNPVANM_2.gdb\MGN_ANM_MANZANA,TP51POSTGR,-1,-1;TP51_13_ED "TP51_13_ED" true true false 8 Double 0 0 ,First,#,E:\JEZORAH\MARCO_2019_ANM\AJUSTE_MGN2018_ANM\RESULTADOS\EJERCICIO_2\MGN2018CNPVANM_2.gdb\MGN_ANM_MANZANA,TP51_13_ED,-1,-1;TP51_99_ED "TP51_99_ED" true true false 8 Double 0 0 ,First,#,E:\JEZORAH\MARCO_2019_ANM\AJUSTE_MGN2018_ANM\RESULTADOS\EJERCICIO_2\MGN2018CNPVANM_2.gdb\MGN_ANM_MANZANA,TP51_99_ED,-1,-1;CD_LC_CM "CD_LC_CM" true true false 10 Text 0 0 ,First,#,E:\JEZORAH\MARCO_2019_ANM\AJUSTE_MGN2018_ANM\RESULTADOS\EJERCICIO_2\MGN2018CNPVANM_2.gdb\MGN_ANM_MANZANA,CD_LC_CM,-1,-1;NMB_LC_CM "NMB_LC_CM" true true false 50 Text 0 0 ,First,#,E:\JEZORAH\MARCO_2019_ANM\AJUSTE_MGN2018_ANM\RESULTADOS\EJERCICIO_2\MGN2018CNPVANM_2.gdb\MGN_ANM_MANZANA,NMB_LC_CM,-1,-1;TP_LC_CM "TP_LC_CM" true true false 20 Text 0 0 ,First,#,E:\JEZORAH\MARCO_2019_ANM\AJUSTE_MGN2018_ANM\RESULTADOS\EJERCICIO_2\MGN2018CNPVANM_2.gdb\MGN_ANM_MANZANA,TP_LC_CM,-1,-1;Shape_Leng "Shape_Leng" false true true 8 Double 0 0 ,First,#,E:\JEZORAH\MARCO_2019_ANM\AJUSTE_MGN2018_ANM\RESULTADOS\EJERCICIO_2\MGN2018CNPVANM_2.gdb\MGN_ANM_MANZANA,Shape_Length,-1,-1;Shape_Area "Shape_Area" false true true 8 Double 0 0 ,First,#,E:\JEZORAH\MARCO_2019_ANM\AJUSTE_MGN2018_ANM\RESULTADOS\EJERCICIO_2\MGN2018CNPVANM_2.gdb\MGN_ANM_MANZANA,Shape_Area,-1,-1" #</Process><Process ToolSource="c:\program files (x86)\arcgis\desktop10.5\ArcToolbox\Toolboxes\Data Management Tools.tbx\CalculateField" Date="20200928" Time="193118">CalculateField MGN_ANM_MANZANA VERSION 2018 VB #</Process><Process ToolSource="c:\program files (x86)\arcgis\desktop10.5\ArcToolbox\Toolboxes\Data Management Tools.tbx\CalculateField" Date="20211104" Time="141920">CalculateField MGN_ANM_MANZANA TP51PRIMAR 0 VB #</Process><Process ToolSource="c:\program files (x86)\arcgis\desktop10.5\ArcToolbox\Toolboxes\Data Management Tools.tbx\CalculateField" Date="20211104" Time="142100">CalculateField MGN_ANM_MANZANA TP51SECUND 0 VB #</Process><Process ToolSource="c:\program files (x86)\arcgis\desktop10.5\ArcToolbox\Toolboxes\Data Management Tools.tbx\CalculateField" Date="20211104" Time="142201">CalculateField MGN_ANM_MANZANA TP51SUPERI 0 VB #</Process><Process ToolSource="c:\program files (x86)\arcgis\desktop10.5\ArcToolbox\Toolboxes\Data Management Tools.tbx\CalculateField" Date="20211104" Time="142345">CalculateField MGN_ANM_MANZANA TP51POSTGR 0 VB #</Process><Process ToolSource="c:\program files (x86)\arcgis\desktop10.5\ArcToolbox\Toolboxes\Data Management Tools.tbx\CalculateField" Date="20211104" Time="142510">CalculateField MGN_ANM_MANZANA TP51_13_ED 0 VB #</Process><Process ToolSource="c:\program files (x86)\arcgis\desktop10.5\ArcToolbox\Toolboxes\Data Management Tools.tbx\CalculateField" Date="20211104" Time="142742">CalculateField MGN_ANM_MANZANA TP51_99_ED 0 VB #</Process><Process ToolSource="c:\program files (x86)\arcgis\desktop10.8\ArcToolbox\Toolboxes\Conversion Tools.tbx\FeatureClassToFeatureClass" Date="20220329" Time="113744">FeatureClassToFeatureClass C:\Users\sonia.garzon\Downloads\BD_Proyecto\Capas_WGS84\MNZ_DANE_wgs84.shp C:\Users\sonia.garzon\Downloads\BD_Proyecto\gdb_proyecto.gdb\Censo_DANE MNZ_DANE # "COD_DANE_A "COD_DANE_A" true true false 22 Text 0 0 ,First,#,C:\Users\sonia.garzon\Downloads\BD_Proyecto\Capas_WGS84\MNZ_DANE_wgs84.shp,COD_DANE_A,-1,-1;DPTO_CCDGO "DPTO_CCDGO" true true false 2 Text 0 0 ,First,#,C:\Users\sonia.garzon\Downloads\BD_Proyecto\Capas_WGS84\MNZ_DANE_wgs84.shp,DPTO_CCDGO,-1,-1;MPIO_CCDGO "MPIO_CCDGO" true true false 3 Text 0 0 ,First,#,C:\Users\sonia.garzon\Downloads\BD_Proyecto\Capas_WGS84\MNZ_DANE_wgs84.shp,MPIO_CCDGO,-1,-1;MPIO_CDPMP "MPIO_CDPMP" true true false 5 Text 0 0 ,First,#,C:\Users\sonia.garzon\Downloads\BD_Proyecto\Capas_WGS84\MNZ_DANE_wgs84.shp,MPIO_CDPMP,-1,-1;CLAS_CCDGO "CLAS_CCDGO" true true false 1 Text 0 0 ,First,#,C:\Users\sonia.garzon\Downloads\BD_Proyecto\Capas_WGS84\MNZ_DANE_wgs84.shp,CLAS_CCDGO,-1,-1;SETR_CCDGO "SETR_CCDGO" true true false 3 Text 0 0 ,First,#,C:\Users\sonia.garzon\Downloads\BD_Proyecto\Capas_WGS84\MNZ_DANE_wgs84.shp,SETR_CCDGO,-1,-1;SETR_CCNCT "SETR_CCNCT" true true false 9 Text 0 0 ,First,#,C:\Users\sonia.garzon\Downloads\BD_Proyecto\Capas_WGS84\MNZ_DANE_wgs84.shp,SETR_CCNCT,-1,-1;SECR_CCDGO "SECR_CCDGO" true true false 2 Text 0 0 ,First,#,C:\Users\sonia.garzon\Downloads\BD_Proyecto\Capas_WGS84\MNZ_DANE_wgs84.shp,SECR_CCDGO,-1,-1;SECR_CCNCT "SECR_CCNCT" true true false 11 Text 0 0 ,First,#,C:\Users\sonia.garzon\Downloads\BD_Proyecto\Capas_WGS84\MNZ_DANE_wgs84.shp,SECR_CCNCT,-1,-1;ZU_CCDGO "ZU_CCDGO" true true false 3 Text 0 0 ,First,#,C:\Users\sonia.garzon\Downloads\BD_Proyecto\Capas_WGS84\MNZ_DANE_wgs84.shp,ZU_CCDGO,-1,-1;ZU_CDIVI "ZU_CDIVI" true true false 8 Text 0 0 ,First,#,C:\Users\sonia.garzon\Downloads\BD_Proyecto\Capas_WGS84\MNZ_DANE_wgs84.shp,ZU_CDIVI,-1,-1;SETU_CCDGO "SETU_CCDGO" true true false 4 Text 0 0 ,First,#,C:\Users\sonia.garzon\Downloads\BD_Proyecto\Capas_WGS84\MNZ_DANE_wgs84.shp,SETU_CCDGO,-1,-1;SETU_CCNCT "SETU_CCNCT" true true false 18 Text 0 0 ,First,#,C:\Users\sonia.garzon\Downloads\BD_Proyecto\Capas_WGS84\MNZ_DANE_wgs84.shp,SETU_CCNCT,-1,-1;SECU_CCDGO "SECU_CCDGO" true true false 20 Text 0 0 ,First,#,C:\Users\sonia.garzon\Downloads\BD_Proyecto\Capas_WGS84\MNZ_DANE_wgs84.shp,SECU_CCDGO,-1,-1;SECU_CCNCT "SECU_CCNCT" true true false 50 Text 0 0 ,First,#,C:\Users\sonia.garzon\Downloads\BD_Proyecto\Capas_WGS84\MNZ_DANE_wgs84.shp,SECU_CCNCT,-1,-1;MANZ_CCDGO "MANZ_CCDGO" true true false 2 Text 0 0 ,First,#,C:\Users\sonia.garzon\Downloads\BD_Proyecto\Capas_WGS84\MNZ_DANE_wgs84.shp,MANZ_CCDGO,-1,-1;AG_CCDGO "AG_CCDGO" true true false 6 Text 0 0 ,First,#,C:\Users\sonia.garzon\Downloads\BD_Proyecto\Capas_WGS84\MNZ_DANE_wgs84.shp,AG_CCDGO,-1,-1;DATO_ANM "DATO_ANM" true true false 50 Text 0 0 ,First,#,C:\Users\sonia.garzon\Downloads\BD_Proyecto\Capas_WGS84\MNZ_DANE_wgs84.shp,DATO_ANM,-1,-1;VERSION "VERSION" true true false 5 Long 0 5 ,First,#,C:\Users\sonia.garzon\Downloads\BD_Proyecto\Capas_WGS84\MNZ_DANE_wgs84.shp,VERSION,-1,-1;AREA "AREA" true true false 19 Double 0 0 ,First,#,C:\Users\sonia.garzon\Downloads\BD_Proyecto\Capas_WGS84\MNZ_DANE_wgs84.shp,AREA,-1,-1;LATITUD "LATITUD" true true false 19 Double 0 0 ,First,#,C:\Users\sonia.garzon\Downloads\BD_Proyecto\Capas_WGS84\MNZ_DANE_wgs84.shp,LATITUD,-1,-1;LONGITUD "LONGITUD" true true false 19 Double 0 0 ,First,#,C:\Users\sonia.garzon\Downloads\BD_Proyecto\Capas_WGS84\MNZ_DANE_wgs84.shp,LONGITUD,-1,-1;DENSIDAD "DENSIDAD" true true false 19 Double 0 0 ,First,#,C:\Users\sonia.garzon\Downloads\BD_Proyecto\Capas_WGS84\MNZ_DANE_wgs84.shp,DENSIDAD,-1,-1;CTNENCUEST "CTNENCUEST" true true false 19 Double 0 0 ,First,#,C:\Users\sonia.garzon\Downloads\BD_Proyecto\Capas_WGS84\MNZ_DANE_wgs84.shp,CTNENCUEST,-1,-1;TP3_1_SI "TP3_1_SI" true true false 19 Double 0 0 ,First,#,C:\Users\sonia.garzon\Downloads\BD_Proyecto\Capas_WGS84\MNZ_DANE_wgs84.shp,TP3_1_SI,-1,-1;TP3_2_NO "TP3_2_NO" true true false 19 Double 0 0 ,First,#,C:\Users\sonia.garzon\Downloads\BD_Proyecto\Capas_WGS84\MNZ_DANE_wgs84.shp,TP3_2_NO,-1,-1;TP3A_RI "TP3A_RI" true true false 19 Double 0 0 ,First,#,C:\Users\sonia.garzon\Downloads\BD_Proyecto\Capas_WGS84\MNZ_DANE_wgs84.shp,TP3A_RI,-1,-1;TP3B_TCN "TP3B_TCN" true true false 19 Double 0 0 ,First,#,C:\Users\sonia.garzon\Downloads\BD_Proyecto\Capas_WGS84\MNZ_DANE_wgs84.shp,TP3B_TCN,-1,-1;TP4_1_SI "TP4_1_SI" true true false 19 Double 0 0 ,First,#,C:\Users\sonia.garzon\Downloads\BD_Proyecto\Capas_WGS84\MNZ_DANE_wgs84.shp,TP4_1_SI,-1,-1;TP4_2_NO "TP4_2_NO" true true false 19 Double 0 0 ,First,#,C:\Users\sonia.garzon\Downloads\BD_Proyecto\Capas_WGS84\MNZ_DANE_wgs84.shp,TP4_2_NO,-1,-1;TP9_1_USO "TP9_1_USO" true true false 19 Double 0 0 ,First,#,C:\Users\sonia.garzon\Downloads\BD_Proyecto\Capas_WGS84\MNZ_DANE_wgs84.shp,TP9_1_USO,-1,-1;TP9_2_USO "TP9_2_USO" true true false 19 Double 0 0 ,First,#,C:\Users\sonia.garzon\Downloads\BD_Proyecto\Capas_WGS84\MNZ_DANE_wgs84.shp,TP9_2_USO,-1,-1;TP9_3_USO "TP9_3_USO" true true false 19 Double 0 0 ,First,#,C:\Users\sonia.garzon\Downloads\BD_Proyecto\Capas_WGS84\MNZ_DANE_wgs84.shp,TP9_3_USO,-1,-1;TP9_4_USO "TP9_4_USO" true true false 19 Double 0 0 ,First,#,C:\Users\sonia.garzon\Downloads\BD_Proyecto\Capas_WGS84\MNZ_DANE_wgs84.shp,TP9_4_USO,-1,-1;TP9_2_1_MI "TP9_2_1_MI" true true false 19 Double 0 0 ,First,#,C:\Users\sonia.garzon\Downloads\BD_Proyecto\Capas_WGS84\MNZ_DANE_wgs84.shp,TP9_2_1_MI,-1,-1;TP9_2_2_MI "TP9_2_2_MI" true true false 19 Double 0 0 ,First,#,C:\Users\sonia.garzon\Downloads\BD_Proyecto\Capas_WGS84\MNZ_DANE_wgs84.shp,TP9_2_2_MI,-1,-1;TP9_2_3_MI "TP9_2_3_MI" true true false 19 Double 0 0 ,First,#,C:\Users\sonia.garzon\Downloads\BD_Proyecto\Capas_WGS84\MNZ_DANE_wgs84.shp,TP9_2_3_MI,-1,-1;TP9_2_4_MI "TP9_2_4_MI" true true false 19 Double 0 0 ,First,#,C:\Users\sonia.garzon\Downloads\BD_Proyecto\Capas_WGS84\MNZ_DANE_wgs84.shp,TP9_2_4_MI,-1,-1;TP9_2_9_MI "TP9_2_9_MI" true true false 19 Double 0 0 ,First,#,C:\Users\sonia.garzon\Downloads\BD_Proyecto\Capas_WGS84\MNZ_DANE_wgs84.shp,TP9_2_9_MI,-1,-1;TP9_3_1_NO "TP9_3_1_NO" true true false 19 Double 0 0 ,First,#,C:\Users\sonia.garzon\Downloads\BD_Proyecto\Capas_WGS84\MNZ_DANE_wgs84.shp,TP9_3_1_NO,-1,-1;TP9_3_2_NO "TP9_3_2_NO" true true false 19 Double 0 0 ,First,#,C:\Users\sonia.garzon\Downloads\BD_Proyecto\Capas_WGS84\MNZ_DANE_wgs84.shp,TP9_3_2_NO,-1,-1;TP9_3_3_NO "TP9_3_3_NO" true true false 19 Double 0 0 ,First,#,C:\Users\sonia.garzon\Downloads\BD_Proyecto\Capas_WGS84\MNZ_DANE_wgs84.shp,TP9_3_3_NO,-1,-1;TP9_3_4_NO "TP9_3_4_NO" true true false 19 Double 0 0 ,First,#,C:\Users\sonia.garzon\Downloads\BD_Proyecto\Capas_WGS84\MNZ_DANE_wgs84.shp,TP9_3_4_NO,-1,-1;TP9_3_5_NO "TP9_3_5_NO" true true false 19 Double 0 0 ,First,#,C:\Users\sonia.garzon\Downloads\BD_Proyecto\Capas_WGS84\MNZ_DANE_wgs84.shp,TP9_3_5_NO,-1,-1;TP9_3_6_NO "TP9_3_6_NO" true true false 19 Double 0 0 ,First,#,C:\Users\sonia.garzon\Downloads\BD_Proyecto\Capas_WGS84\MNZ_DANE_wgs84.shp,TP9_3_6_NO,-1,-1;TP9_3_7_NO "TP9_3_7_NO" true true false 19 Double 0 0 ,First,#,C:\Users\sonia.garzon\Downloads\BD_Proyecto\Capas_WGS84\MNZ_DANE_wgs84.shp,TP9_3_7_NO,-1,-1;TP9_3_8_NO "TP9_3_8_NO" true true false 19 Double 0 0 ,First,#,C:\Users\sonia.garzon\Downloads\BD_Proyecto\Capas_WGS84\MNZ_DANE_wgs84.shp,TP9_3_8_NO,-1,-1;TP9_3_9_NO "TP9_3_9_NO" true true false 19 Double 0 0 ,First,#,C:\Users\sonia.garzon\Downloads\BD_Proyecto\Capas_WGS84\MNZ_DANE_wgs84.shp,TP9_3_9_NO,-1,-1;TP9_3_10_N "TP9_3_10_N" true true false 19 Double 0 0 ,First,#,C:\Users\sonia.garzon\Downloads\BD_Proyecto\Capas_WGS84\MNZ_DANE_wgs84.shp,TP9_3_10_N,-1,-1;TP9_3_99_N "TP9_3_99_N" true true false 19 Double 0 0 ,First,#,C:\Users\sonia.garzon\Downloads\BD_Proyecto\Capas_WGS84\MNZ_DANE_wgs84.shp,TP9_3_99_N,-1,-1;TVIVIENDA "TVIVIENDA" true true false 19 Double 0 0 ,First,#,C:\Users\sonia.garzon\Downloads\BD_Proyecto\Capas_WGS84\MNZ_DANE_wgs84.shp,TVIVIENDA,-1,-1;TP14_1_TIP "TP14_1_TIP" true true false 19 Double 0 0 ,First,#,C:\Users\sonia.garzon\Downloads\BD_Proyecto\Capas_WGS84\MNZ_DANE_wgs84.shp,TP14_1_TIP,-1,-1;TP14_2_TIP "TP14_2_TIP" true true false 19 Double 0 0 ,First,#,C:\Users\sonia.garzon\Downloads\BD_Proyecto\Capas_WGS84\MNZ_DANE_wgs84.shp,TP14_2_TIP,-1,-1;TP14_3_TIP "TP14_3_TIP" true true false 19 Double 0 0 ,First,#,C:\Users\sonia.garzon\Downloads\BD_Proyecto\Capas_WGS84\MNZ_DANE_wgs84.shp,TP14_3_TIP,-1,-1;TP14_4_TIP "TP14_4_TIP" true true false 19 Double 0 0 ,First,#,C:\Users\sonia.garzon\Downloads\BD_Proyecto\Capas_WGS84\MNZ_DANE_wgs84.shp,TP14_4_TIP,-1,-1;TP14_5_TIP "TP14_5_TIP" true true false 19 Double 0 0 ,First,#,C:\Users\sonia.garzon\Downloads\BD_Proyecto\Capas_WGS84\MNZ_DANE_wgs84.shp,TP14_5_TIP,-1,-1;TP14_6_TIP "TP14_6_TIP" true true false 19 Double 0 0 ,First,#,C:\Users\sonia.garzon\Downloads\BD_Proyecto\Capas_WGS84\MNZ_DANE_wgs84.shp,TP14_6_TIP,-1,-1;TP15_1_OCU "TP15_1_OCU" true true false 19 Double 0 0 ,First,#,C:\Users\sonia.garzon\Downloads\BD_Proyecto\Capas_WGS84\MNZ_DANE_wgs84.shp,TP15_1_OCU,-1,-1;TP15_2_OCU "TP15_2_OCU" true true false 19 Double 0 0 ,First,#,C:\Users\sonia.garzon\Downloads\BD_Proyecto\Capas_WGS84\MNZ_DANE_wgs84.shp,TP15_2_OCU,-1,-1;TP15_3_OCU "TP15_3_OCU" true true false 19 Double 0 0 ,First,#,C:\Users\sonia.garzon\Downloads\BD_Proyecto\Capas_WGS84\MNZ_DANE_wgs84.shp,TP15_3_OCU,-1,-1;TP15_4_OCU "TP15_4_OCU" true true false 19 Double 0 0 ,First,#,C:\Users\sonia.garzon\Downloads\BD_Proyecto\Capas_WGS84\MNZ_DANE_wgs84.shp,TP15_4_OCU,-1,-1;TP16_HOG "TP16_HOG" true true false 19 Double 0 0 ,First,#,C:\Users\sonia.garzon\Downloads\BD_Proyecto\Capas_WGS84\MNZ_DANE_wgs84.shp,TP16_HOG,-1,-1;TP19_EE_1 "TP19_EE_1" true true false 19 Double 0 0 ,First,#,C:\Users\sonia.garzon\Downloads\BD_Proyecto\Capas_WGS84\MNZ_DANE_wgs84.shp,TP19_EE_1,-1,-1;TP19_EE_2 "TP19_EE_2" true true false 19 Double 0 0 ,First,#,C:\Users\sonia.garzon\Downloads\BD_Proyecto\Capas_WGS84\MNZ_DANE_wgs84.shp,TP19_EE_2,-1,-1;TP19_EE_E1 "TP19_EE_E1" true true false 19 Double 0 0 ,First,#,C:\Users\sonia.garzon\Downloads\BD_Proyecto\Capas_WGS84\MNZ_DANE_wgs84.shp,TP19_EE_E1,-1,-1;TP19_EE_E2 "TP19_EE_E2" true true false 19 Double 0 0 ,First,#,C:\Users\sonia.garzon\Downloads\BD_Proyecto\Capas_WGS84\MNZ_DANE_wgs84.shp,TP19_EE_E2,-1,-1;TP19_EE_E3 "TP19_EE_E3" true true false 19 Double 0 0 ,First,#,C:\Users\sonia.garzon\Downloads\BD_Proyecto\Capas_WGS84\MNZ_DANE_wgs84.shp,TP19_EE_E3,-1,-1;TP19_EE_E4 "TP19_EE_E4" true true false 19 Double 0 0 ,First,#,C:\Users\sonia.garzon\Downloads\BD_Proyecto\Capas_WGS84\MNZ_DANE_wgs84.shp,TP19_EE_E4,-1,-1;TP19_EE_E5 "TP19_EE_E5" true true false 19 Double 0 0 ,First,#,C:\Users\sonia.garzon\Downloads\BD_Proyecto\Capas_WGS84\MNZ_DANE_wgs84.shp,TP19_EE_E5,-1,-1;TP19_EE_E6 "TP19_EE_E6" true true false 19 Double 0 0 ,First,#,C:\Users\sonia.garzon\Downloads\BD_Proyecto\Capas_WGS84\MNZ_DANE_wgs84.shp,TP19_EE_E6,-1,-1;TP19_EE_E9 "TP19_EE_E9" true true false 19 Double 0 0 ,First,#,C:\Users\sonia.garzon\Downloads\BD_Proyecto\Capas_WGS84\MNZ_DANE_wgs84.shp,TP19_EE_E9,-1,-1;TP19_ACU_1 "TP19_ACU_1" true true false 19 Double 0 0 ,First,#,C:\Users\sonia.garzon\Downloads\BD_Proyecto\Capas_WGS84\MNZ_DANE_wgs84.shp,TP19_ACU_1,-1,-1;TP19_ACU_2 "TP19_ACU_2" true true false 19 Double 0 0 ,First,#,C:\Users\sonia.garzon\Downloads\BD_Proyecto\Capas_WGS84\MNZ_DANE_wgs84.shp,TP19_ACU_2,-1,-1;TP19_ALC_1 "TP19_ALC_1" true true false 19 Double 0 0 ,First,#,C:\Users\sonia.garzon\Downloads\BD_Proyecto\Capas_WGS84\MNZ_DANE_wgs84.shp,TP19_ALC_1,-1,-1;TP19_ALC_2 "TP19_ALC_2" true true false 19 Double 0 0 ,First,#,C:\Users\sonia.garzon\Downloads\BD_Proyecto\Capas_WGS84\MNZ_DANE_wgs84.shp,TP19_ALC_2,-1,-1;TP19_GAS_1 "TP19_GAS_1" true true false 19 Double 0 0 ,First,#,C:\Users\sonia.garzon\Downloads\BD_Proyecto\Capas_WGS84\MNZ_DANE_wgs84.shp,TP19_GAS_1,-1,-1;TP19_GAS_2 "TP19_GAS_2" true true false 19 Double 0 0 ,First,#,C:\Users\sonia.garzon\Downloads\BD_Proyecto\Capas_WGS84\MNZ_DANE_wgs84.shp,TP19_GAS_2,-1,-1;TP19_GAS_9 "TP19_GAS_9" true true false 19 Double 0 0 ,First,#,C:\Users\sonia.garzon\Downloads\BD_Proyecto\Capas_WGS84\MNZ_DANE_wgs84.shp,TP19_GAS_9,-1,-1;TP19_RECB1 "TP19_RECB1" true true false 19 Double 0 0 ,First,#,C:\Users\sonia.garzon\Downloads\BD_Proyecto\Capas_WGS84\MNZ_DANE_wgs84.shp,TP19_RECB1,-1,-1;TP19_RECB2 "TP19_RECB2" true true false 19 Double 0 0 ,First,#,C:\Users\sonia.garzon\Downloads\BD_Proyecto\Capas_WGS84\MNZ_DANE_wgs84.shp,TP19_RECB2,-1,-1;TP19_INTE1 "TP19_INTE1" true true false 19 Double 0 0 ,First,#,C:\Users\sonia.garzon\Downloads\BD_Proyecto\Capas_WGS84\MNZ_DANE_wgs84.shp,TP19_INTE1,-1,-1;TP19_INTE2 "TP19_INTE2" true true false 19 Double 0 0 ,First,#,C:\Users\sonia.garzon\Downloads\BD_Proyecto\Capas_WGS84\MNZ_DANE_wgs84.shp,TP19_INTE2,-1,-1;TP19_INTE9 "TP19_INTE9" true true false 19 Double 0 0 ,First,#,C:\Users\sonia.garzon\Downloads\BD_Proyecto\Capas_WGS84\MNZ_DANE_wgs84.shp,TP19_INTE9,-1,-1;TP27_PERSO "TP27_PERSO" true true false 19 Double 0 0 ,First,#,C:\Users\sonia.garzon\Downloads\BD_Proyecto\Capas_WGS84\MNZ_DANE_wgs84.shp,TP27_PERSO,-1,-1;PERSONAS_L "PERSONAS_L" true true false 19 Double 0 0 ,First,#,C:\Users\sonia.garzon\Downloads\BD_Proyecto\Capas_WGS84\MNZ_DANE_wgs84.shp,PERSONAS_L,-1,-1;PERSONAS_S "PERSONAS_S" true true false 19 Double 0 0 ,First,#,C:\Users\sonia.garzon\Downloads\BD_Proyecto\Capas_WGS84\MNZ_DANE_wgs84.shp,PERSONAS_S,-1,-1;TP32_1_SEX "TP32_1_SEX" true true false 19 Double 0 0 ,First,#,C:\Users\sonia.garzon\Downloads\BD_Proyecto\Capas_WGS84\MNZ_DANE_wgs84.shp,TP32_1_SEX,-1,-1;TP32_2_SEX "TP32_2_SEX" true true false 19 Double 0 0 ,First,#,C:\Users\sonia.garzon\Downloads\BD_Proyecto\Capas_WGS84\MNZ_DANE_wgs84.shp,TP32_2_SEX,-1,-1;TP34_1_EDA "TP34_1_EDA" true true false 19 Double 0 0 ,First,#,C:\Users\sonia.garzon\Downloads\BD_Proyecto\Capas_WGS84\MNZ_DANE_wgs84.shp,TP34_1_EDA,-1,-1;TP34_2_EDA "TP34_2_EDA" true true false 19 Double 0 0 ,First,#,C:\Users\sonia.garzon\Downloads\BD_Proyecto\Capas_WGS84\MNZ_DANE_wgs84.shp,TP34_2_EDA,-1,-1;TP34_3_EDA "TP34_3_EDA" true true false 19 Double 0 0 ,First,#,C:\Users\sonia.garzon\Downloads\BD_Proyecto\Capas_WGS84\MNZ_DANE_wgs84.shp,TP34_3_EDA,-1,-1;TP34_4_EDA "TP34_4_EDA" true true false 19 Double 0 0 ,First,#,C:\Users\sonia.garzon\Downloads\BD_Proyecto\Capas_WGS84\MNZ_DANE_wgs84.shp,TP34_4_EDA,-1,-1;TP34_5_EDA "TP34_5_EDA" true true false 19 Double 0 0 ,First,#,C:\Users\sonia.garzon\Downloads\BD_Proyecto\Capas_WGS84\MNZ_DANE_wgs84.shp,TP34_5_EDA,-1,-1;TP34_6_EDA "TP34_6_EDA" true true false 19 Double 0 0 ,First,#,C:\Users\sonia.garzon\Downloads\BD_Proyecto\Capas_WGS84\MNZ_DANE_wgs84.shp,TP34_6_EDA,-1,-1;TP34_7_EDA "TP34_7_EDA" true true false 19 Double 0 0 ,First,#,C:\Users\sonia.garzon\Downloads\BD_Proyecto\Capas_WGS84\MNZ_DANE_wgs84.shp,TP34_7_EDA,-1,-1;TP34_8_EDA "TP34_8_EDA" true true false 19 Double 0 0 ,First,#,C:\Users\sonia.garzon\Downloads\BD_Proyecto\Capas_WGS84\MNZ_DANE_wgs84.shp,TP34_8_EDA,-1,-1;TP34_9_EDA "TP34_9_EDA" true true false 19 Double 0 0 ,First,#,C:\Users\sonia.garzon\Downloads\BD_Proyecto\Capas_WGS84\MNZ_DANE_wgs84.shp,TP34_9_EDA,-1,-1;TP51PRIMAR "TP51PRIMAR" true true false 19 Double 0 0 ,First,#,C:\Users\sonia.garzon\Downloads\BD_Proyecto\Capas_WGS84\MNZ_DANE_wgs84.shp,TP51PRIMAR,-1,-1;TP51SECUND "TP51SECUND" true true false 19 Double 0 0 ,First,#,C:\Users\sonia.garzon\Downloads\BD_Proyecto\Capas_WGS84\MNZ_DANE_wgs84.shp,TP51SECUND,-1,-1;TP51SUPERI "TP51SUPERI" true true false 19 Double 0 0 ,First,#,C:\Users\sonia.garzon\Downloads\BD_Proyecto\Capas_WGS84\MNZ_DANE_wgs84.shp,TP51SUPERI,-1,-1;TP51POSTGR "TP51POSTGR" true true false 19 Double 0 0 ,First,#,C:\Users\sonia.garzon\Downloads\BD_Proyecto\Capas_WGS84\MNZ_DANE_wgs84.shp,TP51POSTGR,-1,-1;TP51_13_ED "TP51_13_ED" true true false 19 Double 0 0 ,First,#,C:\Users\sonia.garzon\Downloads\BD_Proyecto\Capas_WGS84\MNZ_DANE_wgs84.shp,TP51_13_ED,-1,-1;TP51_99_ED "TP51_99_ED" true true false 19 Double 0 0 ,First,#,C:\Users\sonia.garzon\Downloads\BD_Proyecto\Capas_WGS84\MNZ_DANE_wgs84.shp,TP51_99_ED,-1,-1;CD_LC_CM "CD_LC_CM" true true false 10 Text 0 0 ,First,#,C:\Users\sonia.garzon\Downloads\BD_Proyecto\Capas_WGS84\MNZ_DANE_wgs84.shp,CD_LC_CM,-1,-1;NMB_LC_CM "NMB_LC_CM" true true false 50 Text 0 0 ,First,#,C:\Users\sonia.garzon\Downloads\BD_Proyecto\Capas_WGS84\MNZ_DANE_wgs84.shp,NMB_LC_CM,-1,-1;TP_LC_CM "TP_LC_CM" true true false 20 Text 0 0 ,First,#,C:\Users\sonia.garzon\Downloads\BD_Proyecto\Capas_WGS84\MNZ_DANE_wgs84.shp,TP_LC_CM,-1,-1;Shape_Leng "Shape_Leng" true true false 19 Double 0 0 ,First,#,C:\Users\sonia.garzon\Downloads\BD_Proyecto\Capas_WGS84\MNZ_DANE_wgs84.shp,Shape_Leng,-1,-1;Shape_Area "Shape_Area" true true false 19 Double 0 0 ,First,#,C:\Users\sonia.garzon\Downloads\BD_Proyecto\Capas_WGS84\MNZ_DANE_wgs84.shp,Shape_Area,-1,-1" #</Process></lineage></DataProperties><SyncDate>20220329</SyncDate><SyncTime>11374000</SyncTime><ModDate>20220329</ModDate><ModTime>11374000</ModTime></Esri><dataIdInfo><envirDesc Sync="TRUE"> Version 6.2 (Build 9200) ; Esri ArcGIS 10.8.1.14362</envirDesc><dataLang><languageCode value="spa" Sync="TRUE"></languageCode><countryCode value="COL" Sync="TRUE"></countryCode></dataLang><idCitation><resTitle Sync="TRUE">MNZ_DANE</resTitle><presForm><PresFormCd value="005" Sync="TRUE"></PresFormCd></presForm></idCitation><spatRpType><SpatRepTypCd value="001" Sync="TRUE"></SpatRepTypCd></spatRpType></dataIdInfo><mdLang><languageCode value="spa" Sync="TRUE"></languageCode><countryCode value="COL" Sync="TRUE"></countryCode></mdLang><distInfo><distFormat><formatName Sync="TRUE">File Geodatabase Feature Class</formatName></distFormat><distTranOps><transSize Sync="TRUE">0.000</transSize></distTranOps></distInfo><mdHrLv><ScopeCd value="005" Sync="TRUE"></ScopeCd></mdHrLv><mdHrLvName Sync="TRUE">dataset</mdHrLvName><refSysInfo><RefSystem><refSysID><identCode code="4326" Sync="TRUE"></identCode><idCodeSpace Sync="TRUE">EPSG</idCodeSpace><idVersion Sync="TRUE">6.14(3.0.1)</idVersion></refSysID></RefSystem></refSysInfo><spatRepInfo><VectSpatRep><geometObjs Name="MNZ_DANE"><geoObjTyp><GeoObjTypCd value="002" Sync="TRUE"></GeoObjTypCd></geoObjTyp><geoObjCnt Sync="TRUE">0</geoObjCnt></geometObjs><topLvl><TopoLevCd value="001" Sync="TRUE"></TopoLevCd></topLvl></VectSpatRep></spatRepInfo><spdoinfo><ptvctinf><esriterm Name="MNZ_DANE"><efeatyp Sync="TRUE">Simple</efeatyp><efeageom code="4" Sync="TRUE"></efeageom><esritopo Sync="TRUE">FALSE</esritopo><efeacnt Sync="TRUE">0</efeacnt><spindex Sync="TRUE">TRUE</spindex><linrefer Sync="TRUE">FALSE</linrefer></esriterm></ptvctinf></spdoinfo><eainfo><detailed Name="MNZ_DANE"><enttyp><enttypl Sync="TRUE">MNZ_DANE</enttypl><enttypt Sync="TRUE">Feature Class</enttypt><enttypc Sync="TRUE">0</enttypc></enttyp><attr><attrlabl Sync="TRUE">OBJECTID</attrlabl><attalias Sync="TRUE">OBJECTID</attalias><attrtype Sync="TRUE">OID</attrtype><attwidth Sync="TRUE">4</attwidth><atprecis Sync="TRUE">0</atprecis><attscale Sync="TRUE">0</attscale><attrdef Sync="TRUE">Internal feature number.</attrdef><attrdefs Sync="TRUE">Esri</attrdefs><attrdomv><udom Sync="TRUE">Sequential unique whole numbers that are automatically generated.</udom></attrdomv></attr><attr><attrlabl Sync="TRUE">Shape</attrlabl><attalias Sync="TRUE">Shape</attalias><attrtype Sync="TRUE">Geometry</attrtype><attwidth Sync="TRUE">0</attwidth><atprecis Sync="TRUE">0</atprecis><attscale Sync="TRUE">0</attscale><attrdef Sync="TRUE">Feature geometry.</attrdef><attrdefs Sync="TRUE">Esri</attrdefs><attrdomv><udom Sync="TRUE">Coordinates defining the features.</udom></attrdomv></attr><attr><attrlabl Sync="TRUE">COD_DANE_A</attrlabl><attalias Sync="TRUE">COD_DANE_A</attalias><attrtype Sync="TRUE">String</attrtype><attwidth Sync="TRUE">22</attwidth><atprecis Sync="TRUE">0</atprecis><attscale Sync="TRUE">0</attscale></attr><attr><attrlabl Sync="TRUE">DPTO_CCDGO</attrlabl><attalias Sync="TRUE">DPTO_CCDGO</attalias><attrtype Sync="TRUE">String</attrtype><attwidth Sync="TRUE">2</attwidth><atprecis Sync="TRUE">0</atprecis><attscale Sync="TRUE">0</attscale></attr><attr><attrlabl Sync="TRUE">MPIO_CCDGO</attrlabl><attalias Sync="TRUE">MPIO_CCDGO</attalias><attrtype Sync="TRUE">String</attrtype><attwidth Sync="TRUE">3</attwidth><atprecis Sync="TRUE">0</atprecis><attscale Sync="TRUE">0</attscale></attr><attr><attrlabl Sync="TRUE">MPIO_CDPMP</attrlabl><attalias Sync="TRUE">MPIO_CDPMP</attalias><attrtype Sync="TRUE">String</attrtype><attwidth Sync="TRUE">5</attwidth><atprecis Sync="TRUE">0</atprecis><attscale Sync="TRUE">0</attscale></attr><attr><attrlabl Sync="TRUE">CLAS_CCDGO</attrlabl><attalias Sync="TRUE">CLAS_CCDGO</attalias><attrtype Sync="TRUE">String</attrtype><attwidth Sync="TRUE">1</attwidth><atprecis Sync="TRUE">0</atprecis><attscale Sync="TRUE">0</attscale></attr><attr><attrlabl Sync="TRUE">SETR_CCDGO</attrlabl><attalias Sync="TRUE">SETR_CCDGO</attalias><attrtype Sync="TRUE">String</attrtype><attwidth Sync="TRUE">3</attwidth><atprecis Sync="TRUE">0</atprecis><attscale Sync="TRUE">0</attscale></attr><attr><attrlabl Sync="TRUE">SETR_CCNCT</attrlabl><attalias Sync="TRUE">SETR_CCNCT</attalias><attrtype Sync="TRUE">String</attrtype><attwidth Sync="TRUE">9</attwidth><atprecis Sync="TRUE">0</atprecis><attscale Sync="TRUE">0</attscale></attr><attr><attrlabl Sync="TRUE">SECR_CCDGO</attrlabl><attalias Sync="TRUE">SECR_CCDGO</attalias><attrtype Sync="TRUE">String</attrtype><attwidth Sync="TRUE">2</attwidth><atprecis Sync="TRUE">0</atprecis><attscale Sync="TRUE">0</attscale></attr><attr><attrlabl Sync="TRUE">SECR_CCNCT</attrlabl><attalias Sync="TRUE">SECR_CCNCT</attalias><attrtype Sync="TRUE">String</attrtype><attwidth Sync="TRUE">11</attwidth><atprecis Sync="TRUE">0</atprecis><attscale Sync="TRUE">0</attscale></attr><attr><attrlabl Sync="TRUE">ZU_CCDGO</attrlabl><attalias Sync="TRUE">ZU_CCDGO</attalias><attrtype Sync="TRUE">String</attrtype><attwidth Sync="TRUE">3</attwidth><atprecis Sync="TRUE">0</atprecis><attscale Sync="TRUE">0</attscale></attr><attr><attrlabl Sync="TRUE">ZU_CDIVI</attrlabl><attalias Sync="TRUE">ZU_CDIVI</attalias><attrtype Sync="TRUE">String</attrtype><attwidth Sync="TRUE">8</attwidth><atprecis Sync="TRUE">0</atprecis><attscale Sync="TRUE">0</attscale></attr><attr><attrlabl Sync="TRUE">SETU_CCDGO</attrlabl><attalias Sync="TRUE">SETU_CCDGO</attalias><attrtype Sync="TRUE">String</attrtype><attwidth Sync="TRUE">4</attwidth><atprecis Sync="TRUE">0</atprecis><attscale Sync="TRUE">0</attscale></attr><attr><attrlabl Sync="TRUE">SETU_CCNCT</attrlabl><attalias Sync="TRUE">SETU_CCNCT</attalias><attrtype Sync="TRUE">String</attrtype><attwidth Sync="TRUE">18</attwidth><atprecis Sync="TRUE">0</atprecis><attscale Sync="TRUE">0</attscale></attr><attr><attrlabl Sync="TRUE">SECU_CCDGO</attrlabl><attalias Sync="TRUE">SECU_CCDGO</attalias><attrtype Sync="TRUE">String</attrtype><attwidth Sync="TRUE">20</attwidth><atprecis Sync="TRUE">0</atprecis><attscale Sync="TRUE">0</attscale></attr><attr><attrlabl Sync="TRUE">SECU_CCNCT</attrlabl><attalias Sync="TRUE">SECU_CCNCT</attalias><attrtype Sync="TRUE">String</attrtype><attwidth Sync="TRUE">50</attwidth><atprecis Sync="TRUE">0</atprecis><attscale Sync="TRUE">0</attscale></attr><attr><attrlabl Sync="TRUE">MANZ_CCDGO</attrlabl><attalias Sync="TRUE">MANZ_CCDGO</attalias><attrtype Sync="TRUE">String</attrtype><attwidth Sync="TRUE">2</attwidth><atprecis Sync="TRUE">0</atprecis><attscale Sync="TRUE">0</attscale></attr><attr><attrlabl Sync="TRUE">AG_CCDGO</attrlabl><attalias Sync="TRUE">AG_CCDGO</attalias><attrtype Sync="TRUE">String</attrtype><attwidth Sync="TRUE">6</attwidth><atprecis Sync="TRUE">0</atprecis><attscale Sync="TRUE">0</attscale></attr><attr><attrlabl Sync="TRUE">DATO_ANM</attrlabl><attalias Sync="TRUE">DATO_ANM</attalias><attrtype Sync="TRUE">String</attrtype><attwidth Sync="TRUE">50</attwidth><atprecis Sync="TRUE">0</atprecis><attscale Sync="TRUE">0</attscale></attr><attr><attrlabl Sync="TRUE">VERSION</attrlabl><attalias Sync="TRUE">VERSION</attalias><attrtype Sync="TRUE">Integer</attrtype><attwidth Sync="TRUE">4</attwidth><atprecis Sync="TRUE">0</atprecis><attscale Sync="TRUE">0</attscale></attr><attr><attrlabl Sync="TRUE">AREA</attrlabl><attalias Sync="TRUE">AREA</attalias><attrtype Sync="TRUE">Double</attrtype><attwidth Sync="TRUE">8</attwidth><atprecis Sync="TRUE">0</atprecis><attscale Sync="TRUE">0</attscale></attr><attr><attrlabl Sync="TRUE">LATITUD</attrlabl><attalias Sync="TRUE">LATITUD</attalias><attrtype Sync="TRUE">Double</attrtype><attwidth Sync="TRUE">8</attwidth><atprecis Sync="TRUE">0</atprecis><attscale Sync="TRUE">0</attscale></attr><attr><attrlabl Sync="TRUE">LONGITUD</attrlabl><attalias Sync="TRUE">LONGITUD</attalias><attrtype Sync="TRUE">Double</attrtype><attwidth Sync="TRUE">8</attwidth><atprecis Sync="TRUE">0</atprecis><attscale Sync="TRUE">0</attscale></attr><attr><attrlabl Sync="TRUE">DENSIDAD</attrlabl><attalias Sync="TRUE">DENSIDAD</attalias><attrtype Sync="TRUE">Double</attrtype><attwidth Sync="TRUE">8</attwidth><atprecis Sync="TRUE">0</atprecis><attscale Sync="TRUE">0</attscale></attr><attr><attrlabl Sync="TRUE">CTNENCUEST</attrlabl><attalias Sync="TRUE">CTNENCUEST</attalias><attrtype Sync="TRUE">Double</attrtype><attwidth Sync="TRUE">8</attwidth><atprecis Sync="TRUE">0</atprecis><attscale Sync="TRUE">0</attscale></attr><attr><attrlabl Sync="TRUE">TP3_1_SI</attrlabl><attalias Sync="TRUE">TP3_1_SI</attalias><attrtype Sync="TRUE">Double</attrtype><attwidth Sync="TRUE">8</attwidth><atprecis Sync="TRUE">0</atprecis><attscale Sync="TRUE">0</attscale></attr><attr><attrlabl Sync="TRUE">TP3_2_NO</attrlabl><attalias Sync="TRUE">TP3_2_NO</attalias><attrtype Sync="TRUE">Double</attrtype><attwidth Sync="TRUE">8</attwidth><atprecis Sync="TRUE">0</atprecis><attscale Sync="TRUE">0</attscale></attr><attr><attrlabl Sync="TRUE">TP3A_RI</attrlabl><attalias Sync="TRUE">TP3A_RI</attalias><attrtype Sync="TRUE">Double</attrtype><attwidth Sync="TRUE">8</attwidth><atprecis Sync="TRUE">0</atprecis><attscale Sync="TRUE">0</attscale></attr><attr><attrlabl Sync="TRUE">TP3B_TCN</attrlabl><attalias Sync="TRUE">TP3B_TCN</attalias><attrtype Sync="TRUE">Double</attrtype><attwidth Sync="TRUE">8</attwidth><atprecis Sync="TRUE">0</atprecis><attscale Sync="TRUE">0</attscale></attr><attr><attrlabl Sync="TRUE">TP4_1_SI</attrlabl><attalias Sync="TRUE">TP4_1_SI</attalias><attrtype Sync="TRUE">Double</attrtype><attwidth Sync="TRUE">8</attwidth><atprecis Sync="TRUE">0</atprecis><attscale Sync="TRUE">0</attscale></attr><attr><attrlabl Sync="TRUE">TP4_2_NO</attrlabl><attalias Sync="TRUE">TP4_2_NO</attalias><attrtype Sync="TRUE">Double</attrtype><attwidth Sync="TRUE">8</attwidth><atprecis Sync="TRUE">0</atprecis><attscale Sync="TRUE">0</attscale></attr><attr><attrlabl Sync="TRUE">TP9_1_USO</attrlabl><attalias Sync="TRUE">TP9_1_USO</attalias><attrtype Sync="TRUE">Double</attrtype><attwidth Sync="TRUE">8</attwidth><atprecis Sync="TRUE">0</atprecis><attscale Sync="TRUE">0</attscale></attr><attr><attrlabl Sync="TRUE">TP9_2_USO</attrlabl><attalias Sync="TRUE">TP9_2_USO</attalias><attrtype Sync="TRUE">Double</attrtype><attwidth Sync="TRUE">8</attwidth><atprecis Sync="TRUE">0</atprecis><attscale Sync="TRUE">0</attscale></attr><attr><attrlabl Sync="TRUE">TP9_3_USO</attrlabl><attalias Sync="TRUE">TP9_3_USO</attalias><attrtype Sync="TRUE">Double</attrtype><attwidth Sync="TRUE">8</attwidth><atprecis Sync="TRUE">0</atprecis><attscale Sync="TRUE">0</attscale></attr><attr><attrlabl Sync="TRUE">TP9_4_USO</attrlabl><attalias Sync="TRUE">TP9_4_USO</attalias><attrtype Sync="TRUE">Double</attrtype><attwidth Sync="TRUE">8</attwidth><atprecis Sync="TRUE">0</atprecis><attscale Sync="TRUE">0</attscale></attr><attr><attrlabl Sync="TRUE">TP9_2_1_MI</attrlabl><attalias Sync="TRUE">TP9_2_1_MI</attalias><attrtype Sync="TRUE">Double</attrtype><attwidth Sync="TRUE">8</attwidth><atprecis Sync="TRUE">0</atprecis><attscale Sync="TRUE">0</attscale></attr><attr><attrlabl Sync="TRUE">TP9_2_2_MI</attrlabl><attalias Sync="TRUE">TP9_2_2_MI</attalias><attrtype Sync="TRUE">Double</attrtype><attwidth Sync="TRUE">8</attwidth><atprecis Sync="TRUE">0</atprecis><attscale Sync="TRUE">0</attscale></attr><attr><attrlabl Sync="TRUE">TP9_2_3_MI</attrlabl><attalias Sync="TRUE">TP9_2_3_MI</attalias><attrtype Sync="TRUE">Double</attrtype><attwidth Sync="TRUE">8</attwidth><atprecis Sync="TRUE">0</atprecis><attscale Sync="TRUE">0</attscale></attr><attr><attrlabl Sync="TRUE">TP9_2_4_MI</attrlabl><attalias Sync="TRUE">TP9_2_4_MI</attalias><attrtype Sync="TRUE">Double</attrtype><attwidth Sync="TRUE">8</attwidth><atprecis Sync="TRUE">0</atprecis><attscale Sync="TRUE">0</attscale></attr><attr><attrlabl Sync="TRUE">TP9_2_9_MI</attrlabl><attalias Sync="TRUE">TP9_2_9_MI</attalias><attrtype Sync="TRUE">Double</attrtype><attwidth Sync="TRUE">8</attwidth><atprecis Sync="TRUE">0</atprecis><attscale Sync="TRUE">0</attscale></attr><attr><attrlabl Sync="TRUE">TP9_3_1_NO</attrlabl><attalias Sync="TRUE">TP9_3_1_NO</attalias><attrtype Sync="TRUE">Double</attrtype><attwidth Sync="TRUE">8</attwidth><atprecis Sync="TRUE">0</atprecis><attscale Sync="TRUE">0</attscale></attr><attr><attrlabl Sync="TRUE">TP9_3_2_NO</attrlabl><attalias Sync="TRUE">TP9_3_2_NO</attalias><attrtype Sync="TRUE">Double</attrtype><attwidth Sync="TRUE">8</attwidth><atprecis Sync="TRUE">0</atprecis><attscale Sync="TRUE">0</attscale></attr><attr><attrlabl Sync="TRUE">TP9_3_3_NO</attrlabl><attalias Sync="TRUE">TP9_3_3_NO</attalias><attrtype Sync="TRUE">Double</attrtype><attwidth Sync="TRUE">8</attwidth><atprecis Sync="TRUE">0</atprecis><attscale Sync="TRUE">0</attscale></attr><attr><attrlabl Sync="TRUE">TP9_3_4_NO</attrlabl><attalias Sync="TRUE">TP9_3_4_NO</attalias><attrtype Sync="TRUE">Double</attrtype><attwidth Sync="TRUE">8</attwidth><atprecis Sync="TRUE">0</atprecis><attscale Sync="TRUE">0</attscale></attr><attr><attrlabl Sync="TRUE">TP9_3_5_NO</attrlabl><attalias Sync="TRUE">TP9_3_5_NO</attalias><attrtype Sync="TRUE">Double</attrtype><attwidth Sync="TRUE">8</attwidth><atprecis Sync="TRUE">0</atprecis><attscale Sync="TRUE">0</attscale></attr><attr><attrlabl Sync="TRUE">TP9_3_6_NO</attrlabl><attalias Sync="TRUE">TP9_3_6_NO</attalias><attrtype Sync="TRUE">Double</attrtype><attwidth Sync="TRUE">8</attwidth><atprecis Sync="TRUE">0</atprecis><attscale Sync="TRUE">0</attscale></attr><attr><attrlabl Sync="TRUE">TP9_3_7_NO</attrlabl><attalias Sync="TRUE">TP9_3_7_NO</attalias><attrtype Sync="TRUE">Double</attrtype><attwidth Sync="TRUE">8</attwidth><atprecis Sync="TRUE">0</atprecis><attscale Sync="TRUE">0</attscale></attr><attr><attrlabl Sync="TRUE">TP9_3_8_NO</attrlabl><attalias Sync="TRUE">TP9_3_8_NO</attalias><attrtype Sync="TRUE">Double</attrtype><attwidth Sync="TRUE">8</attwidth><atprecis Sync="TRUE">0</atprecis><attscale Sync="TRUE">0</attscale></attr><attr><attrlabl Sync="TRUE">TP9_3_9_NO</attrlabl><attalias Sync="TRUE">TP9_3_9_NO</attalias><attrtype Sync="TRUE">Double</attrtype><attwidth Sync="TRUE">8</attwidth><atprecis Sync="TRUE">0</atprecis><attscale Sync="TRUE">0</attscale></attr><attr><attrlabl Sync="TRUE">TP9_3_10_N</attrlabl><attalias Sync="TRUE">TP9_3_10_N</attalias><attrtype Sync="TRUE">Double</attrtype><attwidth Sync="TRUE">8</attwidth><atprecis Sync="TRUE">0</atprecis><attscale Sync="TRUE">0</attscale></attr><attr><attrlabl Sync="TRUE">TP9_3_99_N</attrlabl><attalias Sync="TRUE">TP9_3_99_N</attalias><attrtype Sync="TRUE">Double</attrtype><attwidth Sync="TRUE">8</attwidth><atprecis Sync="TRUE">0</atprecis><attscale Sync="TRUE">0</attscale></attr><attr><attrlabl Sync="TRUE">TVIVIENDA</attrlabl><attalias Sync="TRUE">TVIVIENDA</attalias><attrtype Sync="TRUE">Double</attrtype><attwidth Sync="TRUE">8</attwidth><atprecis Sync="TRUE">0</atprecis><attscale Sync="TRUE">0</attscale></attr><attr><attrlabl Sync="TRUE">TP14_1_TIP</attrlabl><attalias Sync="TRUE">TP14_1_TIP</attalias><attrtype Sync="TRUE">Double</attrtype><attwidth Sync="TRUE">8</attwidth><atprecis Sync="TRUE">0</atprecis><attscale Sync="TRUE">0</attscale></attr><attr><attrlabl Sync="TRUE">TP14_2_TIP</attrlabl><attalias Sync="TRUE">TP14_2_TIP</attalias><attrtype Sync="TRUE">Double</attrtype><attwidth Sync="TRUE">8</attwidth><atprecis Sync="TRUE">0</atprecis><attscale Sync="TRUE">0</attscale></attr><attr><attrlabl Sync="TRUE">TP14_3_TIP</attrlabl><attalias Sync="TRUE">TP14_3_TIP</attalias><attrtype Sync="TRUE">Double</attrtype><attwidth Sync="TRUE">8</attwidth><atprecis Sync="TRUE">0</atprecis><attscale Sync="TRUE">0</attscale></attr><attr><attrlabl Sync="TRUE">TP14_4_TIP</attrlabl><attalias Sync="TRUE">TP14_4_TIP</attalias><attrtype Sync="TRUE">Double</attrtype><attwidth Sync="TRUE">8</attwidth><atprecis Sync="TRUE">0</atprecis><attscale Sync="TRUE">0</attscale></attr><attr><attrlabl Sync="TRUE">TP14_5_TIP</attrlabl><attalias Sync="TRUE">TP14_5_TIP</attalias><attrtype Sync="TRUE">Double</attrtype><attwidth Sync="TRUE">8</attwidth><atprecis Sync="TRUE">0</atprecis><attscale Sync="TRUE">0</attscale></attr><attr><attrlabl Sync="TRUE">TP14_6_TIP</attrlabl><attalias Sync="TRUE">TP14_6_TIP</attalias><attrtype Sync="TRUE">Double</attrtype><attwidth Sync="TRUE">8</attwidth><atprecis Sync="TRUE">0</atprecis><attscale Sync="TRUE">0</attscale></attr><attr><attrlabl Sync="TRUE">TP15_1_OCU</attrlabl><attalias Sync="TRUE">TP15_1_OCU</attalias><attrtype Sync="TRUE">Double</attrtype><attwidth Sync="TRUE">8</attwidth><atprecis Sync="TRUE">0</atprecis><attscale Sync="TRUE">0</attscale></attr><attr><attrlabl Sync="TRUE">TP15_2_OCU</attrlabl><attalias Sync="TRUE">TP15_2_OCU</attalias><attrtype Sync="TRUE">Double</attrtype><attwidth Sync="TRUE">8</attwidth><atprecis Sync="TRUE">0</atprecis><attscale Sync="TRUE">0</attscale></attr><attr><attrlabl Sync="TRUE">TP15_3_OCU</attrlabl><attalias Sync="TRUE">TP15_3_OCU</attalias><attrtype Sync="TRUE">Double</attrtype><attwidth Sync="TRUE">8</attwidth><atprecis Sync="TRUE">0</atprecis><attscale Sync="TRUE">0</attscale></attr><attr><attrlabl Sync="TRUE">TP15_4_OCU</attrlabl><attalias Sync="TRUE">TP15_4_OCU</attalias><attrtype Sync="TRUE">Double</attrtype><attwidth Sync="TRUE">8</attwidth><atprecis Sync="TRUE">0</atprecis><attscale Sync="TRUE">0</attscale></attr><attr><attrlabl Sync="TRUE">TP16_HOG</attrlabl><attalias Sync="TRUE">TP16_HOG</attalias><attrtype Sync="TRUE">Double</attrtype><attwidth Sync="TRUE">8</attwidth><atprecis Sync="TRUE">0</atprecis><attscale Sync="TRUE">0</attscale></attr><attr><attrlabl Sync="TRUE">TP19_EE_1</attrlabl><attalias Sync="TRUE">TP19_EE_1</attalias><attrtype Sync="TRUE">Double</attrtype><attwidth Sync="TRUE">8</attwidth><atprecis Sync="TRUE">0</atprecis><attscale Sync="TRUE">0</attscale></attr><attr><attrlabl Sync="TRUE">TP19_EE_2</attrlabl><attalias Sync="TRUE">TP19_EE_2</attalias><attrtype Sync="TRUE">Double</attrtype><attwidth Sync="TRUE">8</attwidth><atprecis Sync="TRUE">0</atprecis><attscale Sync="TRUE">0</attscale></attr><attr><attrlabl Sync="TRUE">TP19_EE_E1</attrlabl><attalias Sync="TRUE">TP19_EE_E1</attalias><attrtype Sync="TRUE">Double</attrtype><attwidth Sync="TRUE">8</attwidth><atprecis Sync="TRUE">0</atprecis><attscale Sync="TRUE">0</attscale></attr><attr><attrlabl Sync="TRUE">TP19_EE_E2</attrlabl><attalias Sync="TRUE">TP19_EE_E2</attalias><attrtype Sync="TRUE">Double</attrtype><attwidth Sync="TRUE">8</attwidth><atprecis Sync="TRUE">0</atprecis><attscale Sync="TRUE">0</attscale></attr><attr><attrlabl Sync="TRUE">TP19_EE_E3</attrlabl><attalias Sync="TRUE">TP19_EE_E3</attalias><attrtype Sync="TRUE">Double</attrtype><attwidth Sync="TRUE">8</attwidth><atprecis Sync="TRUE">0</atprecis><attscale Sync="TRUE">0</attscale></attr><attr><attrlabl Sync="TRUE">TP19_EE_E4</attrlabl><attalias Sync="TRUE">TP19_EE_E4</attalias><attrtype Sync="TRUE">Double</attrtype><attwidth Sync="TRUE">8</attwidth><atprecis Sync="TRUE">0</atprecis><attscale Sync="TRUE">0</attscale></attr><attr><attrlabl Sync="TRUE">TP19_EE_E5</attrlabl><attalias Sync="TRUE">TP19_EE_E5</attalias><attrtype Sync="TRUE">Double</attrtype><attwidth Sync="TRUE">8</attwidth><atprecis Sync="TRUE">0</atprecis><attscale Sync="TRUE">0</attscale></attr><attr><attrlabl Sync="TRUE">TP19_EE_E6</attrlabl><attalias Sync="TRUE">TP19_EE_E6</attalias><attrtype Sync="TRUE">Double</attrtype><attwidth Sync="TRUE">8</attwidth><atprecis Sync="TRUE">0</atprecis><attscale Sync="TRUE">0</attscale></attr><attr><attrlabl Sync="TRUE">TP19_EE_E9</attrlabl><attalias Sync="TRUE">TP19_EE_E9</attalias><attrtype Sync="TRUE">Double</attrtype><attwidth Sync="TRUE">8</attwidth><atprecis Sync="TRUE">0</atprecis><attscale Sync="TRUE">0</attscale></attr><attr><attrlabl Sync="TRUE">TP19_ACU_1</attrlabl><attalias Sync="TRUE">TP19_ACU_1</attalias><attrtype Sync="TRUE">Double</attrtype><attwidth Sync="TRUE">8</attwidth><atprecis Sync="TRUE">0</atprecis><attscale Sync="TRUE">0</attscale></attr><attr><attrlabl Sync="TRUE">TP19_ACU_2</attrlabl><attalias Sync="TRUE">TP19_ACU_2</attalias><attrtype Sync="TRUE">Double</attrtype><attwidth Sync="TRUE">8</attwidth><atprecis Sync="TRUE">0</atprecis><attscale Sync="TRUE">0</attscale></attr><attr><attrlabl Sync="TRUE">TP19_ALC_1</attrlabl><attalias Sync="TRUE">TP19_ALC_1</attalias><attrtype Sync="TRUE">Double</attrtype><attwidth Sync="TRUE">8</attwidth><atprecis Sync="TRUE">0</atprecis><attscale Sync="TRUE">0</attscale></attr><attr><attrlabl Sync="TRUE">TP19_ALC_2</attrlabl><attalias Sync="TRUE">TP19_ALC_2</attalias><attrtype Sync="TRUE">Double</attrtype><attwidth Sync="TRUE">8</attwidth><atprecis Sync="TRUE">0</atprecis><attscale Sync="TRUE">0</attscale></attr><attr><attrlabl Sync="TRUE">TP19_GAS_1</attrlabl><attalias Sync="TRUE">TP19_GAS_1</attalias><attrtype Sync="TRUE">Double</attrtype><attwidth Sync="TRUE">8</attwidth><atprecis Sync="TRUE">0</atprecis><attscale Sync="TRUE">0</attscale></attr><attr><attrlabl Sync="TRUE">TP19_GAS_2</attrlabl><attalias Sync="TRUE">TP19_GAS_2</attalias><attrtype Sync="TRUE">Double</attrtype><attwidth Sync="TRUE">8</attwidth><atprecis Sync="TRUE">0</atprecis><attscale Sync="TRUE">0</attscale></attr><attr><attrlabl Sync="TRUE">TP19_GAS_9</attrlabl><attalias Sync="TRUE">TP19_GAS_9</attalias><attrtype Sync="TRUE">Double</attrtype><attwidth Sync="TRUE">8</attwidth><atprecis Sync="TRUE">0</atprecis><attscale Sync="TRUE">0</attscale></attr><attr><attrlabl Sync="TRUE">TP19_RECB1</attrlabl><attalias Sync="TRUE">TP19_RECB1</attalias><attrtype Sync="TRUE">Double</attrtype><attwidth Sync="TRUE">8</attwidth><atprecis Sync="TRUE">0</atprecis><attscale Sync="TRUE">0</attscale></attr><attr><attrlabl Sync="TRUE">TP19_RECB2</attrlabl><attalias Sync="TRUE">TP19_RECB2</attalias><attrtype Sync="TRUE">Double</attrtype><attwidth Sync="TRUE">8</attwidth><atprecis Sync="TRUE">0</atprecis><attscale Sync="TRUE">0</attscale></attr><attr><attrlabl Sync="TRUE">TP19_INTE1</attrlabl><attalias Sync="TRUE">TP19_INTE1</attalias><attrtype Sync="TRUE">Double</attrtype><attwidth Sync="TRUE">8</attwidth><atprecis Sync="TRUE">0</atprecis><attscale Sync="TRUE">0</attscale></attr><attr><attrlabl Sync="TRUE">TP19_INTE2</attrlabl><attalias Sync="TRUE">TP19_INTE2</attalias><attrtype Sync="TRUE">Double</attrtype><attwidth Sync="TRUE">8</attwidth><atprecis Sync="TRUE">0</atprecis><attscale Sync="TRUE">0</attscale></attr><attr><attrlabl Sync="TRUE">TP19_INTE9</attrlabl><attalias Sync="TRUE">TP19_INTE9</attalias><attrtype Sync="TRUE">Double</attrtype><attwidth Sync="TRUE">8</attwidth><atprecis Sync="TRUE">0</atprecis><attscale Sync="TRUE">0</attscale></attr><attr><attrlabl Sync="TRUE">TP27_PERSO</attrlabl><attalias Sync="TRUE">TP27_PERSO</attalias><attrtype Sync="TRUE">Double</attrtype><attwidth Sync="TRUE">8</attwidth><atprecis Sync="TRUE">0</atprecis><attscale Sync="TRUE">0</attscale></attr><attr><attrlabl Sync="TRUE">PERSONAS_L</attrlabl><attalias Sync="TRUE">PERSONAS_L</attalias><attrtype Sync="TRUE">Double</attrtype><attwidth Sync="TRUE">8</attwidth><atprecis Sync="TRUE">0</atprecis><attscale Sync="TRUE">0</attscale></attr><attr><attrlabl Sync="TRUE">PERSONAS_S</attrlabl><attalias Sync="TRUE">PERSONAS_S</attalias><attrtype Sync="TRUE">Double</attrtype><attwidth Sync="TRUE">8</attwidth><atprecis Sync="TRUE">0</atprecis><attscale Sync="TRUE">0</attscale></attr><attr><attrlabl Sync="TRUE">TP32_1_SEX</attrlabl><attalias Sync="TRUE">TP32_1_SEX</attalias><attrtype Sync="TRUE">Double</attrtype><attwidth Sync="TRUE">8</attwidth><atprecis Sync="TRUE">0</atprecis><attscale Sync="TRUE">0</attscale></attr><attr><attrlabl Sync="TRUE">TP32_2_SEX</attrlabl><attalias Sync="TRUE">TP32_2_SEX</attalias><attrtype Sync="TRUE">Double</attrtype><attwidth Sync="TRUE">8</attwidth><atprecis Sync="TRUE">0</atprecis><attscale Sync="TRUE">0</attscale></attr><attr><attrlabl Sync="TRUE">TP34_1_EDA</attrlabl><attalias Sync="TRUE">TP34_1_EDA</attalias><attrtype Sync="TRUE">Double</attrtype><attwidth Sync="TRUE">8</attwidth><atprecis Sync="TRUE">0</atprecis><attscale Sync="TRUE">0</attscale></attr><attr><attrlabl Sync="TRUE">TP34_2_EDA</attrlabl><attalias Sync="TRUE">TP34_2_EDA</attalias><attrtype Sync="TRUE">Double</attrtype><attwidth Sync="TRUE">8</attwidth><atprecis Sync="TRUE">0</atprecis><attscale Sync="TRUE">0</attscale></attr><attr><attrlabl Sync="TRUE">TP34_3_EDA</attrlabl><attalias Sync="TRUE">TP34_3_EDA</attalias><attrtype Sync="TRUE">Double</attrtype><attwidth Sync="TRUE">8</attwidth><atprecis Sync="TRUE">0</atprecis><attscale Sync="TRUE">0</attscale></attr><attr><attrlabl Sync="TRUE">TP34_4_EDA</attrlabl><attalias Sync="TRUE">TP34_4_EDA</attalias><attrtype Sync="TRUE">Double</attrtype><attwidth Sync="TRUE">8</attwidth><atprecis Sync="TRUE">0</atprecis><attscale Sync="TRUE">0</attscale></attr><attr><attrlabl Sync="TRUE">TP34_5_EDA</attrlabl><attalias Sync="TRUE">TP34_5_EDA</attalias><attrtype Sync="TRUE">Double</attrtype><attwidth Sync="TRUE">8</attwidth><atprecis Sync="TRUE">0</atprecis><attscale Sync="TRUE">0</attscale></attr><attr><attrlabl Sync="TRUE">TP34_6_EDA</attrlabl><attalias Sync="TRUE">TP34_6_EDA</attalias><attrtype Sync="TRUE">Double</attrtype><attwidth Sync="TRUE">8</attwidth><atprecis Sync="TRUE">0</atprecis><attscale Sync="TRUE">0</attscale></attr><attr><attrlabl Sync="TRUE">TP34_7_EDA</attrlabl><attalias Sync="TRUE">TP34_7_EDA</attalias><attrtype Sync="TRUE">Double</attrtype><attwidth Sync="TRUE">8</attwidth><atprecis Sync="TRUE">0</atprecis><attscale Sync="TRUE">0</attscale></attr><attr><attrlabl Sync="TRUE">TP34_8_EDA</attrlabl><attalias Sync="TRUE">TP34_8_EDA</attalias><attrtype Sync="TRUE">Double</attrtype><attwidth Sync="TRUE">8</attwidth><atprecis Sync="TRUE">0</atprecis><attscale Sync="TRUE">0</attscale></attr><attr><attrlabl Sync="TRUE">TP34_9_EDA</attrlabl><attalias Sync="TRUE">TP34_9_EDA</attalias><attrtype Sync="TRUE">Double</attrtype><attwidth Sync="TRUE">8</attwidth><atprecis Sync="TRUE">0</atprecis><attscale Sync="TRUE">0</attscale></attr><attr><attrlabl Sync="TRUE">TP51PRIMAR</attrlabl><attalias Sync="TRUE">TP51PRIMAR</attalias><attrtype Sync="TRUE">Double</attrtype><attwidth Sync="TRUE">8</attwidth><atprecis Sync="TRUE">0</atprecis><attscale Sync="TRUE">0</attscale></attr><attr><attrlabl Sync="TRUE">TP51SECUND</attrlabl><attalias Sync="TRUE">TP51SECUND</attalias><attrtype Sync="TRUE">Double</attrtype><attwidth Sync="TRUE">8</attwidth><atprecis Sync="TRUE">0</atprecis><attscale Sync="TRUE">0</attscale></attr><attr><attrlabl Sync="TRUE">TP51SUPERI</attrlabl><attalias Sync="TRUE">TP51SUPERI</attalias><attrtype Sync="TRUE">Double</attrtype><attwidth Sync="TRUE">8</attwidth><atprecis Sync="TRUE">0</atprecis><attscale Sync="TRUE">0</attscale></attr><attr><attrlabl Sync="TRUE">TP51POSTGR</attrlabl><attalias Sync="TRUE">TP51POSTGR</attalias><attrtype Sync="TRUE">Double</attrtype><attwidth Sync="TRUE">8</attwidth><atprecis Sync="TRUE">0</atprecis><attscale Sync="TRUE">0</attscale></attr><attr><attrlabl Sync="TRUE">TP51_13_ED</attrlabl><attalias Sync="TRUE">TP51_13_ED</attalias><attrtype Sync="TRUE">Double</attrtype><attwidth Sync="TRUE">8</attwidth><atprecis Sync="TRUE">0</atprecis><attscale Sync="TRUE">0</attscale></attr><attr><attrlabl Sync="TRUE">TP51_99_ED</attrlabl><attalias Sync="TRUE">TP51_99_ED</attalias><attrtype Sync="TRUE">Double</attrtype><attwidth Sync="TRUE">8</attwidth><atprecis Sync="TRUE">0</atprecis><attscale Sync="TRUE">0</attscale></attr><attr><attrlabl Sync="TRUE">CD_LC_CM</attrlabl><attalias Sync="TRUE">CD_LC_CM</attalias><attrtype Sync="TRUE">String</attrtype><attwidth Sync="TRUE">10</attwidth><atprecis Sync="TRUE">0</atprecis><attscale Sync="TRUE">0</attscale></attr><attr><attrlabl Sync="TRUE">NMB_LC_CM</attrlabl><attalias Sync="TRUE">NMB_LC_CM</attalias><attrtype Sync="TRUE">String</attrtype><attwidth Sync="TRUE">50</attwidth><atprecis Sync="TRUE">0</atprecis><attscale Sync="TRUE">0</attscale></attr><attr><attrlabl Sync="TRUE">TP_LC_CM</attrlabl><attalias Sync="TRUE">TP_LC_CM</attalias><attrtype Sync="TRUE">String</attrtype><attwidth Sync="TRUE">20</attwidth><atprecis Sync="TRUE">0</atprecis><attscale Sync="TRUE">0</attscale></attr><attr><attrlabl Sync="TRUE">Shape_Leng</attrlabl><attalias Sync="TRUE">Shape_Leng</attalias><attrtype Sync="TRUE">Double</attrtype><attwidth Sync="TRUE">8</attwidth><atprecis Sync="TRUE">0</atprecis><attscale Sync="TRUE">0</attscale></attr><attr><attrlabl Sync="TRUE">Shape_Length</attrlabl><attalias Sync="TRUE">Shape_Length</attalias><attrtype Sync="TRUE">Double</attrtype><attwidth Sync="TRUE">8</attwidth><atprecis Sync="TRUE">0</atprecis><attscale Sync="TRUE">0</attscale><attrdef Sync="TRUE">Length of feature in internal units.</attrdef><attrdefs Sync="TRUE">Esri</attrdefs><attrdomv><udom Sync="TRUE">Positive real numbers that are automatically generated.</udom></attrdomv></attr><attr><attrlabl Sync="TRUE">Shape_Area</attrlabl><attalias Sync="TRUE">Shape_Area</attalias><attrtype Sync="TRUE">Double</attrtype><attwidth Sync="TRUE">8</attwidth><atprecis Sync="TRUE">0</atprecis><attscale Sync="TRUE">0</attscale><attrdef Sync="TRUE">Area of feature in internal units squared.</attrdef><attrdefs Sync="TRUE">Esri</attrdefs><attrdomv><udom Sync="TRUE">Positive real numbers that are automatically generated.</udom></attrdomv></attr></detailed></eainfo><mdDateSt Sync="TRUE">20220329</mdDateSt></metadata>
